neighborhood_id,date,total_kwh
1,1/1/2025,268.73
1,1/2/2025,280.88
1,1/3/2025,280.44
1,1/4/2025,296.8
1,1/5/2025,299.68
1,1/6/2025,298.22
1,1/7/2025,331.38
1,1/8/2025,334.58
1,1/9/2025,240.77
1,1/10/2025,314.88
1,1/11/2025,295.55
1,1/12/2025,298.86
1,1/13/2025,268.14
1,1/14/2025,341.58
1,1/15/2025,305.87
1,1/16/2025,316.43
1,1/17/2025,319.19
1,1/18/2025,330.73
1,1/19/2025,303.96
1,1/20/2025,311.7
1,1/21/2025,316.01
1,1/22/2025,331.53
1,1/23/2025,312.41
1,1/24/2025,316.26
1,1/25/2025,299.18
1,1/26/2025,299.49
1,1/27/2025,344.84
1,1/28/2025,362.3
1,1/29/2025,313.23
1,1/30/2025,333.56
1,1/31/2025,293.9
1,2/1/2025,315.33
1,2/2/2025,315.37
1,2/3/2025,368.13
1,2/4/2025,337.67
1,2/5/2025,293.38
1,2/6/2025,273.49
1,2/7/2025,304.47
1,2/8/2025,337.82
1,2/9/2025,342.86
1,2/10/2025,355.16
1,2/11/2025,286.73
1,2/12/2025,352.28
1,2/13/2025,338.67
1,2/14/2025,351.72
1,2/15/2025,357.71
1,2/16/2025,404.47
1,2/17/2025,370.8
1,2/18/2025,345.03
1,2/19/2025,354.73
1,2/20/2025,317.82
1,2/21/2025,315.94
1,2/22/2025,293.77
1,2/23/2025,308.53
1,2/24/2025,364.83
1,2/25/2025,322.66
1,2/26/2025,361.89
1,2/27/2025,385.75
1,2/28/2025,355.92
1,3/1/2025,367.41
1,3/2/2025,326.12
1,3/3/2025,348.78
1,3/4/2025,393.98
1,3/5/2025,321.39
1,3/6/2025,380.59
1,3/7/2025,403.2
1,3/8/2025,367.79
1,3/9/2025,307.44
1,3/10/2025,365.11
1,3/11/2025,353.97
1,3/12/2025,370.09
1,3/13/2025,378.21
1,3/14/2025,335.28
1,3/15/2025,333.81
1,3/16/2025,354.04
1,3/17/2025,331
1,3/18/2025,363.37
1,3/19/2025,356.1
1,3/20/2025,435.42
1,3/21/2025,330.4
1,3/22/2025,337.64
1,3/23/2025,372.62
1,3/24/2025,385.78
1,3/25/2025,426.81
1,3/26/2025,407.82
1,3/27/2025,384.9
1,3/28/2025,369.7
1,3/29/2025,387.25
1,3/30/2025,343.76
1,3/31/2025,352.32
1,4/1/2025,318.63
1,4/2/2025,354.9
1,4/3/2025,389.36
1,4/4/2025,355.42
1,4/5/2025,339.06
1,4/6/2025,350.97
1,4/7/2025,382.21
1,4/8/2025,353.78
1,4/9/2025,385.58
1,4/10/2025,323.02
1,4/11/2025,335.59
1,4/12/2025,345.89
1,4/13/2025,322.53
1,4/14/2025,444.84
1,4/15/2025,328.23
1,4/16/2025,385.82
1,4/17/2025,340.06
1,4/18/2025,344.13
1,4/19/2025,367.18
1,4/20/2025,316.38
1,4/21/2025,338.82
1,4/22/2025,353.2
1,4/23/2025,332.8
1,4/24/2025,333.05
1,4/25/2025,387
1,4/26/2025,384.15
1,4/27/2025,342.51
1,4/28/2025,352.15
1,4/29/2025,389.02
1,4/30/2025,313.09
1,5/1/2025,362.39
1,5/2/2025,407.89
1,5/3/2025,406.9
1,5/4/2025,296.52
1,5/5/2025,328.96
1,5/6/2025,354.38
1,5/7/2025,312.06
1,5/8/2025,329.64
1,5/9/2025,343.71
1,5/10/2025,385.66
1,5/11/2025,344.77
1,5/12/2025,351.24
1,5/13/2025,358.57
1,5/14/2025,358.58
1,5/15/2025,343.58
1,5/16/2025,309.22
1,5/17/2025,362.66
1,5/18/2025,351.98
1,5/19/2025,309.57
1,5/20/2025,319.97
1,5/21/2025,361.49
1,5/22/2025,352.89
1,5/23/2025,316.3
1,5/24/2025,327.45
1,5/25/2025,329.87
1,5/26/2025,349.14
1,5/27/2025,364.86
1,5/28/2025,332.44
1,5/29/2025,360.52
1,5/30/2025,351.6
1,5/31/2025,332.98
1,6/1/2025,288.82
1,6/2/2025,298.7
1,6/3/2025,343.61
1,6/4/2025,279.05
1,6/5/2025,325.25
1,6/6/2025,346.77
1,6/7/2025,323.85
1,6/8/2025,303.48
1,6/9/2025,296.16
1,6/10/2025,337.19
1,6/11/2025,327.27
1,6/12/2025,307.03
1,6/13/2025,339.71
1,6/14/2025,333.16
1,6/15/2025,355.12
1,6/16/2025,323.51
1,6/17/2025,304.22
1,6/18/2025,303.56
1,6/19/2025,258.53
1,6/20/2025,308.33
1,6/21/2025,303.06
1,6/22/2025,270.06
1,6/23/2025,300.38
1,6/24/2025,331.97
1,6/25/2025,280.98
1,6/26/2025,274.46
1,6/27/2025,322.22
1,6/28/2025,309.77
1,6/29/2025,365.46
1,6/30/2025,261.49
1,7/1/2025,307.86
1,7/2/2025,297.16
1,7/3/2025,289.96
1,7/4/2025,308.28
1,7/5/2025,285.43
1,7/6/2025,240.74
1,7/7/2025,264.4
1,7/8/2025,313.21
1,7/9/2025,307.5
1,7/10/2025,271.55
1,7/11/2025,289.9
1,7/12/2025,339.24
1,7/13/2025,275.53
1,7/14/2025,274.74
1,7/15/2025,277.95
1,7/16/2025,285.8
1,7/17/2025,263.78
1,7/18/2025,283.25
1,7/19/2025,227.12
1,7/20/2025,274.97
1,7/21/2025,267.66
1,7/22/2025,260.78
1,7/23/2025,254.18
1,7/24/2025,250.24
1,7/25/2025,244.86
1,7/26/2025,212.4
1,7/27/2025,254.05
1,7/28/2025,281.16
1,7/29/2025,250.46
1,7/30/2025,269.27
1,7/31/2025,233.1
1,8/1/2025,227.52
1,8/2/2025,237.78
1,8/3/2025,231.24
1,8/4/2025,227.1
1,8/5/2025,258.78
1,8/6/2025,284.16
1,8/7/2025,234.51
1,8/8/2025,213.33
1,8/9/2025,258.63
1,8/10/2025,216.62
1,8/11/2025,220.68
1,8/12/2025,252.41
1,8/13/2025,238.65
1,8/14/2025,227.67
1,8/15/2025,241.31
1,8/16/2025,231.26
1,8/17/2025,274.21
1,8/18/2025,224.5
1,8/19/2025,219.19
1,8/20/2025,227.05
1,8/21/2025,227.04
1,8/22/2025,245.13
1,8/23/2025,196.04
1,8/24/2025,240.33
1,8/25/2025,221.62
1,8/26/2025,245.25
1,8/27/2025,229.3
1,8/28/2025,238.99
1,8/29/2025,221.61
1,8/30/2025,236.1
1,8/31/2025,257.72
1,9/1/2025,213.39
1,9/2/2025,224.25
1,9/3/2025,216.81
1,9/4/2025,253.68
1,9/5/2025,216.65
1,9/6/2025,210.78
1,9/7/2025,213.04
1,9/8/2025,220.45
1,9/9/2025,208.27
1,9/10/2025,215.38
1,9/11/2025,224.26
1,9/12/2025,219.01
1,9/13/2025,235.33
1,9/14/2025,214.63
1,9/15/2025,216.3
1,9/16/2025,224.32
1,9/17/2025,258.6
1,9/18/2025,205.13
1,9/19/2025,252.3
1,9/20/2025,197.71
1,9/21/2025,222.14
1,9/22/2025,212.01
1,9/23/2025,203.53
1,9/24/2025,229.72
1,9/25/2025,227.83
1,9/26/2025,208.9
1,9/27/2025,180.78
1,9/28/2025,209.77
1,9/29/2025,219.41
1,9/30/2025,216.98
1,10/1/2025,230.04
1,10/2/2025,250.47
1,10/3/2025,224.11
1,10/4/2025,226.82
1,10/5/2025,219.6
1,10/6/2025,237.47
1,10/7/2025,226.44
1,10/8/2025,230.36
1,10/9/2025,248.95
1,10/10/2025,221.59
1,10/11/2025,213.11
1,10/12/2025,225.82
1,10/13/2025,238.1
1,10/14/2025,227.28
1,10/15/2025,237.35
1,10/16/2025,207.35
1,10/17/2025,204.15
1,10/18/2025,210.14
1,10/19/2025,197.76
1,10/20/2025,222.4
1,10/21/2025,213.25
1,10/22/2025,243.04
1,10/23/2025,198.8
1,10/24/2025,249.79
1,10/25/2025,205.15
1,10/26/2025,201.02
1,10/27/2025,208.88
1,10/28/2025,259.16
1,10/29/2025,224
1,10/30/2025,234.84
1,10/31/2025,222.56
1,11/1/2025,224.86
1,11/2/2025,217.93
1,11/3/2025,228.7
1,11/4/2025,237.48
1,11/5/2025,259.88
1,11/6/2025,195.36
1,11/7/2025,260.25
1,11/8/2025,241.04
1,11/9/2025,225.2
1,11/10/2025,222.6
1,11/11/2025,253.09
1,11/12/2025,238.68
1,11/13/2025,206.34
1,11/14/2025,242.9
1,11/15/2025,258.58
1,11/16/2025,254.08
1,11/17/2025,226.68
1,11/18/2025,213.82
1,11/19/2025,234.18
1,11/20/2025,304.21
1,11/21/2025,212.37
1,11/22/2025,226.87
1,11/23/2025,251.9
1,11/24/2025,242.78
1,11/25/2025,242.27
1,11/26/2025,287.27
1,11/27/2025,231.3
1,11/28/2025,248.99
1,11/29/2025,254.36
1,11/30/2025,235.19
1,12/1/2025,223.34
1,12/2/2025,258.98
1,12/3/2025,291.54
1,12/4/2025,263.98
1,12/5/2025,258.66
1,12/6/2025,259.63
1,12/7/2025,253.7
1,12/8/2025,284.82
1,12/9/2025,250.76
1,12/10/2025,233.99
1,12/11/2025,230.29
1,12/12/2025,266.49
1,12/13/2025,288.56
1,12/14/2025,272.25
1,12/15/2025,261.55
1,12/16/2025,279.44
1,12/17/2025,274.79
1,12/18/2025,289.94
1,12/19/2025,302.16
1,12/20/2025,253.44
1,12/21/2025,224.02
1,12/22/2025,269.05
1,12/23/2025,255.38
1,12/24/2025,297.88
1,12/25/2025,264.27
1,12/26/2025,239.48
1,12/27/2025,270
1,12/28/2025,250.32
1,12/29/2025,321.8
1,12/30/2025,297.55
1,12/31/2025,302.89
2,1/1/2025,760.74
2,1/2/2025,667.88
2,1/3/2025,780.56
2,1/4/2025,706.4
2,1/5/2025,596.02
2,1/6/2025,748.56
2,1/7/2025,697.73
2,1/8/2025,833.06
2,1/9/2025,737.21
2,1/10/2025,760.36
2,1/11/2025,784.38
2,1/12/2025,747.44
2,1/13/2025,760.49
2,1/14/2025,821.89
2,1/15/2025,707.04
2,1/16/2025,732.45
2,1/17/2025,718.78
2,1/18/2025,871.96
2,1/19/2025,740.99
2,1/20/2025,779.01
2,1/21/2025,753
2,1/22/2025,774.38
2,1/23/2025,749.87
2,1/24/2025,829.39
2,1/25/2025,735.84
2,1/26/2025,718.38
2,1/27/2025,772.27
2,1/28/2025,759.4
2,1/29/2025,726.87
2,1/30/2025,795.63
2,1/31/2025,710.67
2,2/1/2025,935.87
2,2/2/2025,726.41
2,2/3/2025,784.78
2,2/4/2025,803.4
2,2/5/2025,945.04
2,2/6/2025,719.74
2,2/7/2025,847.43
2,2/8/2025,910.15
2,2/9/2025,822.01
2,2/10/2025,766.22
2,2/11/2025,840.42
2,2/12/2025,953.97
2,2/13/2025,810.46
2,2/14/2025,952.96
2,2/15/2025,874.75
2,2/16/2025,943.96
2,2/17/2025,876.49
2,2/18/2025,830.11
2,2/19/2025,979.17
2,2/20/2025,883.38
2,2/21/2025,881.35
2,2/22/2025,928.07
2,2/23/2025,938.29
2,2/24/2025,932.53
2,2/25/2025,782.64
2,2/26/2025,834.44
2,2/27/2025,834.76
2,2/28/2025,827.74
2,3/1/2025,822.73
2,3/2/2025,838.5
2,3/3/2025,911.51
2,3/4/2025,924.36
2,3/5/2025,890.56
2,3/6/2025,861.72
2,3/7/2025,984.69
2,3/8/2025,888.31
2,3/9/2025,963.34
2,3/10/2025,856.53
2,3/11/2025,928.35
2,3/12/2025,996.36
2,3/13/2025,712.84
2,3/14/2025,854.63
2,3/15/2025,945.78
2,3/16/2025,991.53
2,3/17/2025,919.43
2,3/18/2025,909.16
2,3/19/2025,1023.14
2,3/20/2025,999.55
2,3/21/2025,844.7
2,3/22/2025,916.87
2,3/23/2025,935.18
2,3/24/2025,1034.56
2,3/25/2025,973.03
2,3/26/2025,902.86
2,3/27/2025,926.8
2,3/28/2025,773.77
2,3/29/2025,981.95
2,3/30/2025,958.62
2,3/31/2025,1000.09
2,4/1/2025,901.27
2,4/2/2025,921.16
2,4/3/2025,876.69
2,4/4/2025,828
2,4/5/2025,867.69
2,4/6/2025,778.79
2,4/7/2025,977.88
2,4/8/2025,752.43
2,4/9/2025,1058.63
2,4/10/2025,781.74
2,4/11/2025,1018.92
2,4/12/2025,843.21
2,4/13/2025,949.49
2,4/14/2025,853.44
2,4/15/2025,1028.95
2,4/16/2025,909.91
2,4/17/2025,983.79
2,4/18/2025,910.67
2,4/19/2025,929.83
2,4/20/2025,947.9
2,4/21/2025,864.23
2,4/22/2025,809.06
2,4/23/2025,806.56
2,4/24/2025,902.84
2,4/25/2025,862.91
2,4/26/2025,742.84
2,4/27/2025,932.27
2,4/28/2025,807.03
2,4/29/2025,809.95
2,4/30/2025,888.44
2,5/1/2025,825.85
2,5/2/2025,897.13
2,5/3/2025,1026.88
2,5/4/2025,858.41
2,5/5/2025,808.7
2,5/6/2025,894.7
2,5/7/2025,825.57
2,5/8/2025,880.03
2,5/9/2025,898.66
2,5/10/2025,872.19
2,5/11/2025,876.68
2,5/12/2025,884.15
2,5/13/2025,979.76
2,5/14/2025,849.18
2,5/15/2025,873.44
2,5/16/2025,922.31
2,5/17/2025,892.75
2,5/18/2025,833.54
2,5/19/2025,917.64
2,5/20/2025,794.11
2,5/21/2025,835.84
2,5/22/2025,796.57
2,5/23/2025,885.56
2,5/24/2025,924.45
2,5/25/2025,856.7
2,5/26/2025,844.22
2,5/27/2025,778.08
2,5/28/2025,787.21
2,5/29/2025,752.13
2,5/30/2025,684.55
2,5/31/2025,800.39
2,6/1/2025,803.93
2,6/2/2025,963.55
2,6/3/2025,920.42
2,6/4/2025,851.62
2,6/5/2025,948.1
2,6/6/2025,899.9
2,6/7/2025,677.36
2,6/8/2025,872.78
2,6/9/2025,846.84
2,6/10/2025,779.85
2,6/11/2025,705.37
2,6/12/2025,830.23
2,6/13/2025,658.21
2,6/14/2025,785.2
2,6/15/2025,744.88
2,6/16/2025,701.95
2,6/17/2025,851.49
2,6/18/2025,771.94
2,6/19/2025,782.19
2,6/20/2025,824.2
2,6/21/2025,764.78
2,6/22/2025,789.77
2,6/23/2025,808.69
2,6/24/2025,790.32
2,6/25/2025,770.16
2,6/26/2025,856.78
2,6/27/2025,820.89
2,6/28/2025,738.47
2,6/29/2025,686.55
2,6/30/2025,774.97
2,7/1/2025,746.84
2,7/2/2025,830.97
2,7/3/2025,785.39
2,7/4/2025,769.06
2,7/5/2025,722.36
2,7/6/2025,668.14
2,7/7/2025,704.01
2,7/8/2025,739.38
2,7/9/2025,610.98
2,7/10/2025,776.11
2,7/11/2025,819.1
2,7/12/2025,590.89
2,7/13/2025,618.63
2,7/14/2025,706.33
2,7/15/2025,658.34
2,7/16/2025,701.81
2,7/17/2025,680.48
2,7/18/2025,625.56
2,7/19/2025,748.27
2,7/20/2025,700.44
2,7/21/2025,642.25
2,7/22/2025,749.98
2,7/23/2025,639.32
2,7/24/2025,597.58
2,7/25/2025,670.27
2,7/26/2025,676.26
2,7/27/2025,682.67
2,7/28/2025,688.27
2,7/29/2025,675.92
2,7/30/2025,670.9
2,7/31/2025,614
2,8/1/2025,605.88
2,8/2/2025,675.94
2,8/3/2025,647.72
2,8/4/2025,674.19
2,8/5/2025,543.97
2,8/6/2025,602.27
2,8/7/2025,720.14
2,8/8/2025,649.77
2,8/9/2025,634.39
2,8/10/2025,652.21
2,8/11/2025,723.41
2,8/12/2025,710.25
2,8/13/2025,532.9
2,8/14/2025,548.78
2,8/15/2025,527.18
2,8/16/2025,566.98
2,8/17/2025,603.42
2,8/18/2025,610.17
2,8/19/2025,523.39
2,8/20/2025,505.5
2,8/21/2025,555.96
2,8/22/2025,633.4
2,8/23/2025,639.45
2,8/24/2025,666.18
2,8/25/2025,582.75
2,8/26/2025,620.97
2,8/27/2025,627.45
2,8/28/2025,555.75
2,8/29/2025,594.92
2,8/30/2025,605.63
2,8/31/2025,531.94
2,9/1/2025,647.2
2,9/2/2025,568.72
2,9/3/2025,572.94
2,9/4/2025,524.5
2,9/5/2025,530.79
2,9/6/2025,465.48
2,9/7/2025,565.88
2,9/8/2025,674.8
2,9/9/2025,515.19
2,9/10/2025,692.99
2,9/11/2025,621.8
2,9/12/2025,536.41
2,9/13/2025,557.72
2,9/14/2025,549.53
2,9/15/2025,630.32
2,9/16/2025,576.66
2,9/17/2025,605.22
2,9/18/2025,568
2,9/19/2025,546.53
2,9/20/2025,565.19
2,9/21/2025,532.29
2,9/22/2025,485.8
2,9/23/2025,584.9
2,9/24/2025,482.82
2,9/25/2025,536.53
2,9/26/2025,528.7
2,9/27/2025,575.89
2,9/28/2025,616
2,9/29/2025,600.05
2,9/30/2025,576.61
2,10/1/2025,519.54
2,10/2/2025,539.06
2,10/3/2025,532.72
2,10/4/2025,526.64
2,10/5/2025,529.75
2,10/6/2025,528.78
2,10/7/2025,527.09
2,10/8/2025,589.89
2,10/9/2025,502.23
2,10/10/2025,516.89
2,10/11/2025,479.81
2,10/12/2025,612.2
2,10/13/2025,515.42
2,10/14/2025,580.27
2,10/15/2025,572.8
2,10/16/2025,610.85
2,10/17/2025,544.04
2,10/18/2025,512.17
2,10/19/2025,485.99
2,10/20/2025,432.15
2,10/21/2025,564.2
2,10/22/2025,592.68
2,10/23/2025,580.26
2,10/24/2025,491.74
2,10/25/2025,608.17
2,10/26/2025,531.32
2,10/27/2025,523.13
2,10/28/2025,532.8
2,10/29/2025,570.35
2,10/30/2025,500.74
2,10/31/2025,568.04
2,11/1/2025,590.89
2,11/2/2025,623.59
2,11/3/2025,582.57
2,11/4/2025,514.41
2,11/5/2025,584.76
2,11/6/2025,530.48
2,11/7/2025,529.46
2,11/8/2025,519.73
2,11/9/2025,495.74
2,11/10/2025,560.52
2,11/11/2025,642.35
2,11/12/2025,697.89
2,11/13/2025,566.01
2,11/14/2025,647.07
2,11/15/2025,578.63
2,11/16/2025,520.48
2,11/17/2025,635.65
2,11/18/2025,615.51
2,11/19/2025,694.67
2,11/20/2025,534.05
2,11/21/2025,747.88
2,11/22/2025,691.71
2,11/23/2025,615.13
2,11/24/2025,603.72
2,11/25/2025,585.44
2,11/26/2025,629.01
2,11/27/2025,616.9
2,11/28/2025,654.55
2,11/29/2025,616.48
2,11/30/2025,705.77
2,12/1/2025,643.06
2,12/2/2025,626.27
2,12/3/2025,694.77
2,12/4/2025,561.21
2,12/5/2025,665.38
2,12/6/2025,651.86
2,12/7/2025,579.63
2,12/8/2025,566.54
2,12/9/2025,712.4
2,12/10/2025,713.02
2,12/11/2025,674.14
2,12/12/2025,759.63
2,12/13/2025,694.53
2,12/14/2025,741.22
2,12/15/2025,699.61
2,12/16/2025,664.86
2,12/17/2025,625.11
2,12/18/2025,652.82
2,12/19/2025,674.81
2,12/20/2025,767.52
2,12/21/2025,737.95
2,12/22/2025,716.67
2,12/23/2025,750.13
2,12/24/2025,734.14
2,12/25/2025,722.36
2,12/26/2025,625.45
2,12/27/2025,778.83
2,12/28/2025,690.61
2,12/29/2025,782.75
2,12/30/2025,791.75
2,12/31/2025,687.38
3,1/1/2025,491.09
3,1/2/2025,527.33
3,1/3/2025,517.09
3,1/4/2025,472.46
3,1/5/2025,513.83
3,1/6/2025,530.61
3,1/7/2025,516.32
3,1/8/2025,465.17
3,1/9/2025,594.54
3,1/10/2025,529.15
3,1/11/2025,494.09
3,1/12/2025,598.44
3,1/13/2025,558.16
3,1/14/2025,482.74
3,1/15/2025,491.34
3,1/16/2025,528.67
3,1/17/2025,553.2
3,1/18/2025,569.46
3,1/19/2025,585.91
3,1/20/2025,570.18
3,1/21/2025,607.75
3,1/22/2025,556.27
3,1/23/2025,519.12
3,1/24/2025,554.58
3,1/25/2025,553.66
3,1/26/2025,443.48
3,1/27/2025,535.51
3,1/28/2025,576.78
3,1/29/2025,545.42
3,1/30/2025,537.21
3,1/31/2025,609.85
3,2/1/2025,528.47
3,2/2/2025,604.72
3,2/3/2025,512.8
3,2/4/2025,703
3,2/5/2025,567.66
3,2/6/2025,564.43
3,2/7/2025,634.32
3,2/8/2025,563.38
3,2/9/2025,652.67
3,2/10/2025,603.75
3,2/11/2025,582.42
3,2/12/2025,579.02
3,2/13/2025,648.37
3,2/14/2025,603.78
3,2/15/2025,614.98
3,2/16/2025,621.75
3,2/17/2025,603.83
3,2/18/2025,623.88
3,2/19/2025,594.74
3,2/20/2025,599.46
3,2/21/2025,549.26
3,2/22/2025,619.05
3,2/23/2025,522.63
3,2/24/2025,621.08
3,2/25/2025,594.93
3,2/26/2025,628.13
3,2/27/2025,559.8
3,2/28/2025,508.46
3,3/1/2025,596.22
3,3/2/2025,563.15
3,3/3/2025,527.97
3,3/4/2025,654.63
3,3/5/2025,696.9
3,3/6/2025,579.32
3,3/7/2025,615.98
3,3/8/2025,605.39
3,3/9/2025,588.81
3,3/10/2025,655.49
3,3/11/2025,673.64
3,3/12/2025,580.7
3,3/13/2025,627.06
3,3/14/2025,689.84
3,3/15/2025,660.76
3,3/16/2025,668.91
3,3/17/2025,696.19
3,3/18/2025,696.18
3,3/19/2025,680.38
3,3/20/2025,636.45
3,3/21/2025,610.37
3,3/22/2025,635.28
3,3/23/2025,603.52
3,3/24/2025,532.3
3,3/25/2025,617.05
3,3/26/2025,649.51
3,3/27/2025,602.02
3,3/28/2025,622.17
3,3/29/2025,624.31
3,3/30/2025,700.86
3,3/31/2025,614.16
3,4/1/2025,701.04
3,4/2/2025,495.19
3,4/3/2025,700.62
3,4/4/2025,698.01
3,4/5/2025,677.93
3,4/6/2025,530.42
3,4/7/2025,683.53
3,4/8/2025,629.28
3,4/9/2025,503.78
3,4/10/2025,696.87
3,4/11/2025,703.9
3,4/12/2025,534.57
3,4/13/2025,639.12
3,4/14/2025,699.82
3,4/15/2025,691.34
3,4/16/2025,670.97
3,4/17/2025,495.3
3,4/18/2025,664.45
3,4/19/2025,616.27
3,4/20/2025,676.49
3,4/21/2025,638.73
3,4/22/2025,624.2
3,4/23/2025,656.47
3,4/24/2025,615.09
3,4/25/2025,621.65
3,4/26/2025,594.38
3,4/27/2025,541.35
3,4/28/2025,648.38
3,4/29/2025,579.33
3,4/30/2025,608.34
3,5/1/2025,631.43
3,5/2/2025,513.41
3,5/3/2025,523.53
3,5/4/2025,599.28
3,5/5/2025,635.15
3,5/6/2025,648.09
3,5/7/2025,532.75
3,5/8/2025,640.26
3,5/9/2025,596.04
3,5/10/2025,563.79
3,5/11/2025,573.91
3,5/12/2025,642.7
3,5/13/2025,615.78
3,5/14/2025,603.57
3,5/15/2025,611.38
3,5/16/2025,642.64
3,5/17/2025,592.09
3,5/18/2025,597.78
3,5/19/2025,647.69
3,5/20/2025,576.35
3,5/21/2025,619.65
3,5/22/2025,565.09
3,5/23/2025,567.62
3,5/24/2025,580.6
3,5/25/2025,607.84
3,5/26/2025,637.65
3,5/27/2025,584.78
3,5/28/2025,509.11
3,5/29/2025,605.86
3,5/30/2025,687.77
3,5/31/2025,578.06
3,6/1/2025,493.14
3,6/2/2025,577.07
3,6/3/2025,567.32
3,6/4/2025,561.6
3,6/5/2025,606.24
3,6/6/2025,623.6
3,6/7/2025,590.31
3,6/8/2025,551.79
3,6/9/2025,605.78
3,6/10/2025,487.55
3,6/11/2025,520.09
3,6/12/2025,523.07
3,6/13/2025,546.26
3,6/14/2025,567.67
3,6/15/2025,534.75
3,6/16/2025,502.15
3,6/17/2025,581.36
3,6/18/2025,527.07
3,6/19/2025,539.45
3,6/20/2025,556.45
3,6/21/2025,532.47
3,6/22/2025,530.51
3,6/23/2025,569.95
3,6/24/2025,530.74
3,6/25/2025,558.28
3,6/26/2025,542.73
3,6/27/2025,601.47
3,6/28/2025,532.63
3,6/29/2025,539.77
3,6/30/2025,556.46
3,7/1/2025,511.8
3,7/2/2025,481.16
3,7/3/2025,485.71
3,7/4/2025,484
3,7/5/2025,462.45
3,7/6/2025,511
3,7/7/2025,471.17
3,7/8/2025,501.69
3,7/9/2025,485.58
3,7/10/2025,488.03
3,7/11/2025,509.19
3,7/12/2025,464.31
3,7/13/2025,507.91
3,7/14/2025,541.39
3,7/15/2025,492.09
3,7/16/2025,446.98
3,7/17/2025,451.35
3,7/18/2025,463.21
3,7/19/2025,448.11
3,7/20/2025,431.27
3,7/21/2025,472.1
3,7/22/2025,456.07
3,7/23/2025,469.25
3,7/24/2025,503.87
3,7/25/2025,449.51
3,7/26/2025,412.9
3,7/27/2025,439.68
3,7/28/2025,480.06
3,7/29/2025,474.6
3,7/30/2025,466.88
3,7/31/2025,424.04
3,8/1/2025,471.17
3,8/2/2025,477.13
3,8/3/2025,416.16
3,8/4/2025,437.36
3,8/5/2025,507.61
3,8/6/2025,409.41
3,8/7/2025,374.26
3,8/8/2025,479.35
3,8/9/2025,468.93
3,8/10/2025,412.47
3,8/11/2025,422.56
3,8/12/2025,383.11
3,8/13/2025,426.09
3,8/14/2025,460.76
3,8/15/2025,401.61
3,8/16/2025,447.6
3,8/17/2025,432.16
3,8/18/2025,434.36
3,8/19/2025,397.64
3,8/20/2025,400.5
3,8/21/2025,350.06
3,8/22/2025,390.77
3,8/23/2025,445.9
3,8/24/2025,376.35
3,8/25/2025,379.94
3,8/26/2025,424.62
3,8/27/2025,415.64
3,8/28/2025,423.58
3,8/29/2025,362.97
3,8/30/2025,480.89
3,8/31/2025,359.19
3,9/1/2025,401.67
3,9/2/2025,390.66
3,9/3/2025,357.17
3,9/4/2025,381.96
3,9/5/2025,393.37
3,9/6/2025,371.32
3,9/7/2025,420.07
3,9/8/2025,384.84
3,9/9/2025,347.29
3,9/10/2025,343.93
3,9/11/2025,406.23
3,9/12/2025,340.7
3,9/13/2025,395.76
3,9/14/2025,399.03
3,9/15/2025,354.05
3,9/16/2025,411.45
3,9/17/2025,330.81
3,9/18/2025,392.07
3,9/19/2025,381.24
3,9/20/2025,378.4
3,9/21/2025,345.66
3,9/22/2025,352.66
3,9/23/2025,430.22
3,9/24/2025,417.58
3,9/25/2025,402.89
3,9/26/2025,408.66
3,9/27/2025,405.59
3,9/28/2025,369.9
3,9/29/2025,381.05
3,9/30/2025,334.81
3,10/1/2025,376.75
3,10/2/2025,415.39
3,10/3/2025,359.43
3,10/4/2025,410.62
3,10/5/2025,382.44
3,10/6/2025,337.71
3,10/7/2025,346.32
3,10/8/2025,408.15
3,10/9/2025,397.26
3,10/10/2025,383.83
3,10/11/2025,372.71
3,10/12/2025,387.85
3,10/13/2025,408.71
3,10/14/2025,427.39
3,10/15/2025,429.39
3,10/16/2025,394.65
3,10/17/2025,378.51
3,10/18/2025,388.87
3,10/19/2025,401.08
3,10/20/2025,401.63
3,10/21/2025,426.77
3,10/22/2025,452.58
3,10/23/2025,381.46
3,10/24/2025,455.65
3,10/25/2025,425.98
3,10/26/2025,387.17
3,10/27/2025,438.12
3,10/28/2025,445.04
3,10/29/2025,378.65
3,10/30/2025,448.74
3,10/31/2025,429.14
3,11/1/2025,471.3
3,11/2/2025,383.85
3,11/3/2025,387.19
3,11/4/2025,334.83
3,11/5/2025,419.13
3,11/6/2025,414.11
3,11/7/2025,385.13
3,11/8/2025,401.94
3,11/9/2025,363.32
3,11/10/2025,446.3
3,11/11/2025,392.62
3,11/12/2025,511.52
3,11/13/2025,405.68
3,11/14/2025,387.83
3,11/15/2025,400.75
3,11/16/2025,368.95
3,11/17/2025,433.58
3,11/18/2025,404.97
3,11/19/2025,458.71
3,11/20/2025,412.98
3,11/21/2025,470.85
3,11/22/2025,451.36
3,11/23/2025,428.24
3,11/24/2025,483.21
3,11/25/2025,463.54
3,11/26/2025,534.42
3,11/27/2025,420.04
3,11/28/2025,438.74
3,11/29/2025,492.85
3,11/30/2025,385.44
3,12/1/2025,488.13
3,12/2/2025,459.08
3,12/3/2025,413.74
3,12/4/2025,398.54
3,12/5/2025,425.08
3,12/6/2025,368.73
3,12/7/2025,435.43
3,12/8/2025,477.83
3,12/9/2025,439.75
3,12/10/2025,510.18
3,12/11/2025,522.46
3,12/12/2025,510.53
3,12/13/2025,473.9
3,12/14/2025,380.46
3,12/15/2025,443.03
3,12/16/2025,466.19
3,12/17/2025,439.78
3,12/18/2025,470.45
3,12/19/2025,539.43
3,12/20/2025,416.81
3,12/21/2025,552.02
3,12/22/2025,518.56
3,12/23/2025,496.87
3,12/24/2025,460.69
3,12/25/2025,456.43
3,12/26/2025,428.78
3,12/27/2025,563.07
3,12/28/2025,558.41
3,12/29/2025,443.23
3,12/30/2025,479.42
3,12/31/2025,521.23
4,1/1/2025,375.89
4,1/2/2025,368.48
4,1/3/2025,327.77
4,1/4/2025,362.41
4,1/5/2025,405.03
4,1/6/2025,462.31
4,1/7/2025,355.23
4,1/8/2025,355.55
4,1/9/2025,350.13
4,1/10/2025,347.6
4,1/11/2025,440.35
4,1/12/2025,451.46
4,1/13/2025,410.62
4,1/14/2025,391.28
4,1/15/2025,466.57
4,1/16/2025,415.4
4,1/17/2025,447.15
4,1/18/2025,395.83
4,1/19/2025,415.94
4,1/20/2025,374.87
4,1/21/2025,438.64
4,1/22/2025,425.57
4,1/23/2025,390.61
4,1/24/2025,392.49
4,1/25/2025,478.56
4,1/26/2025,492.37
4,1/27/2025,419.51
4,1/28/2025,430.6
4,1/29/2025,443.5
4,1/30/2025,436.32
4,1/31/2025,374.71
4,2/1/2025,448.95
4,2/2/2025,362.77
4,2/3/2025,411.31
4,2/4/2025,456.03
4,2/5/2025,460.78
4,2/6/2025,412.46
4,2/7/2025,426.15
4,2/8/2025,422.62
4,2/9/2025,441.35
4,2/10/2025,445.34
4,2/11/2025,471.5
4,2/12/2025,430.26
4,2/13/2025,463.5
4,2/14/2025,469.57
4,2/15/2025,459.64
4,2/16/2025,444.22
4,2/17/2025,461.36
4,2/18/2025,483.34
4,2/19/2025,487.72
4,2/20/2025,524.66
4,2/21/2025,422.83
4,2/22/2025,444.04
4,2/23/2025,401.73
4,2/24/2025,496.7
4,2/25/2025,450.86
4,2/26/2025,471.87
4,2/27/2025,442.65
4,2/28/2025,453.87
4,3/1/2025,512.63
4,3/2/2025,493.78
4,3/3/2025,464.46
4,3/4/2025,498.28
4,3/5/2025,499.95
4,3/6/2025,456.25
4,3/7/2025,416.29
4,3/8/2025,438.46
4,3/9/2025,422.39
4,3/10/2025,517.92
4,3/11/2025,525.21
4,3/12/2025,535.31
4,3/13/2025,398.77
4,3/14/2025,516.97
4,3/15/2025,561.05
4,3/16/2025,519.63
4,3/17/2025,395.45
4,3/18/2025,545.73
4,3/19/2025,480.11
4,3/20/2025,470
4,3/21/2025,496.56
4,3/22/2025,439.35
4,3/23/2025,480.01
4,3/24/2025,542.43
4,3/25/2025,504.35
4,3/26/2025,482.89
4,3/27/2025,484.29
4,3/28/2025,435.54
4,3/29/2025,475.37
4,3/30/2025,418.33
4,3/31/2025,520.7
4,4/1/2025,397.2
4,4/2/2025,514.32
4,4/3/2025,519.11
4,4/4/2025,532.14
4,4/5/2025,484.63
4,4/6/2025,516.48
4,4/7/2025,474.93
4,4/8/2025,435.27
4,4/9/2025,539.62
4,4/10/2025,476.82
4,4/11/2025,426.15
4,4/12/2025,462.12
4,4/13/2025,463.35
4,4/14/2025,497.14
4,4/15/2025,569.04
4,4/16/2025,498.72
4,4/17/2025,486.23
4,4/18/2025,571.77
4,4/19/2025,514.81
4,4/20/2025,486.64
4,4/21/2025,458.15
4,4/22/2025,487.93
4,4/23/2025,472.8
4,4/24/2025,478.2
4,4/25/2025,523.96
4,4/26/2025,453
4,4/27/2025,492.21
4,4/28/2025,507.93
4,4/29/2025,446.4
4,4/30/2025,439.65
4,5/1/2025,464.19
4,5/2/2025,451.72
4,5/3/2025,511.39
4,5/4/2025,429.92
4,5/5/2025,469.05
4,5/6/2025,560.44
4,5/7/2025,480.03
4,5/8/2025,485.22
4,5/9/2025,505.74
4,5/10/2025,444.67
4,5/11/2025,420.9
4,5/12/2025,466.22
4,5/13/2025,468.4
4,5/14/2025,398.35
4,5/15/2025,470.18
4,5/16/2025,494.33
4,5/17/2025,421.04
4,5/18/2025,468.84
4,5/19/2025,484.12
4,5/20/2025,471.81
4,5/21/2025,473.92
4,5/22/2025,439.42
4,5/23/2025,406.62
4,5/24/2025,429.71
4,5/25/2025,423.52
4,5/26/2025,440.2
4,5/27/2025,480.34
4,5/28/2025,394.15
4,5/29/2025,444.06
4,5/30/2025,400.39
4,5/31/2025,410.39
4,6/1/2025,454.24
4,6/2/2025,392.12
4,6/3/2025,457.31
4,6/4/2025,383.91
4,6/5/2025,451.9
4,6/6/2025,374.53
4,6/7/2025,404.98
4,6/8/2025,488.94
4,6/9/2025,480.83
4,6/10/2025,407.57
4,6/11/2025,433.04
4,6/12/2025,458.7
4,6/13/2025,439.55
4,6/14/2025,406.18
4,6/15/2025,388.91
4,6/16/2025,440.72
4,6/17/2025,447.64
4,6/18/2025,465.03
4,6/19/2025,352.32
4,6/20/2025,365.01
4,6/21/2025,441.61
4,6/22/2025,352.48
4,6/23/2025,440.51
4,6/24/2025,392.29
4,6/25/2025,380.95
4,6/26/2025,402.37
4,6/27/2025,351.79
4,6/28/2025,418.45
4,6/29/2025,443.76
4,6/30/2025,416.37
4,7/1/2025,379.96
4,7/2/2025,338.46
4,7/3/2025,338.19
4,7/4/2025,341.93
4,7/5/2025,380.6
4,7/6/2025,382.76
4,7/7/2025,403.91
4,7/8/2025,321.99
4,7/9/2025,413.64
4,7/10/2025,393.43
4,7/11/2025,361.38
4,7/12/2025,334.28
4,7/13/2025,404.57
4,7/14/2025,357.39
4,7/15/2025,363.98
4,7/16/2025,374.08
4,7/17/2025,334.94
4,7/18/2025,351.61
4,7/19/2025,382.93
4,7/20/2025,378.35
4,7/21/2025,376.93
4,7/22/2025,320.74
4,7/23/2025,345.18
4,7/24/2025,339.18
4,7/25/2025,360.61
4,7/26/2025,356.55
4,7/27/2025,350
4,7/28/2025,412.1
4,7/29/2025,334.73
4,7/30/2025,330.09
4,7/31/2025,308.31
4,8/1/2025,296.68
4,8/2/2025,303.97
4,8/3/2025,316.15
4,8/4/2025,369.03
4,8/5/2025,333.66
4,8/6/2025,336.36
4,8/7/2025,327.33
4,8/8/2025,338.13
4,8/9/2025,363.89
4,8/10/2025,273.9
4,8/11/2025,356.22
4,8/12/2025,258.25
4,8/13/2025,322.77
4,8/14/2025,377.05
4,8/15/2025,336.98
4,8/16/2025,327.87
4,8/17/2025,367.98
4,8/18/2025,298.25
4,8/19/2025,325.81
4,8/20/2025,328.26
4,8/21/2025,299.59
4,8/22/2025,300.75
4,8/23/2025,297
4,8/24/2025,311.64
4,8/25/2025,321.95
4,8/26/2025,310.5
4,8/27/2025,323.9
4,8/28/2025,257.42
4,8/29/2025,299.32
4,8/30/2025,278.87
4,8/31/2025,310.18
4,9/1/2025,308.95
4,9/2/2025,298.4
4,9/3/2025,312.65
4,9/4/2025,323.53
4,9/5/2025,297.42
4,9/6/2025,273.06
4,9/7/2025,259.82
4,9/8/2025,297.63
4,9/9/2025,301.86
4,9/10/2025,272.59
4,9/11/2025,312.04
4,9/12/2025,283.54
4,9/13/2025,254.88
4,9/14/2025,322.78
4,9/15/2025,319.61
4,9/16/2025,245.21
4,9/17/2025,278.79
4,9/18/2025,277.49
4,9/19/2025,329.34
4,9/20/2025,288.49
4,9/21/2025,255.72
4,9/22/2025,310.67
4,9/23/2025,261.38
4,9/24/2025,283.66
4,9/25/2025,271.66
4,9/26/2025,276.34
4,9/27/2025,310.84
4,9/28/2025,324.22
4,9/29/2025,259.49
4,9/30/2025,303.35
4,10/1/2025,271.91
4,10/2/2025,272.63
4,10/3/2025,300.2
4,10/4/2025,265.15
4,10/5/2025,299.87
4,10/6/2025,305.98
4,10/7/2025,279.22
4,10/8/2025,320.12
4,10/9/2025,260.1
4,10/10/2025,321
4,10/11/2025,244.95
4,10/12/2025,353.04
4,10/13/2025,281.19
4,10/14/2025,263.92
4,10/15/2025,285.91
4,10/16/2025,267.3
4,10/17/2025,301.18
4,10/18/2025,324.59
4,10/19/2025,269.76
4,10/20/2025,307.16
4,10/21/2025,258.02
4,10/22/2025,318.98
4,10/23/2025,305.04
4,10/24/2025,321.28
4,10/25/2025,293.55
4,10/26/2025,286.76
4,10/27/2025,317.23
4,10/28/2025,267.27
4,10/29/2025,257.52
4,10/30/2025,299.88
4,10/31/2025,291.41
4,11/1/2025,314.96
4,11/2/2025,328.85
4,11/3/2025,316.23
4,11/4/2025,328.81
4,11/5/2025,312.93
4,11/6/2025,318.14
4,11/7/2025,304.12
4,11/8/2025,319.42
4,11/9/2025,313.09
4,11/10/2025,318.06
4,11/11/2025,306.89
4,11/12/2025,332.31
4,11/13/2025,295.4
4,11/14/2025,313.85
4,11/15/2025,348.55
4,11/16/2025,292.57
4,11/17/2025,262.82
4,11/18/2025,328.32
4,11/19/2025,313.6
4,11/20/2025,347.41
4,11/21/2025,319.3
4,11/22/2025,308.28
4,11/23/2025,323.26
4,11/24/2025,355.09
4,11/25/2025,342.95
4,11/26/2025,265.1
4,11/27/2025,335.47
4,11/28/2025,338.19
4,11/29/2025,332.83
4,11/30/2025,318.37
4,12/1/2025,368.27
4,12/2/2025,371.17
4,12/3/2025,279.27
4,12/4/2025,318.75
4,12/5/2025,338
4,12/6/2025,369.51
4,12/7/2025,345.91
4,12/8/2025,327.52
4,12/9/2025,367.74
4,12/10/2025,343.61
4,12/11/2025,347.77
4,12/12/2025,351.86
4,12/13/2025,370.46
4,12/14/2025,346.98
4,12/15/2025,376.98
4,12/16/2025,356.84
4,12/17/2025,329.76
4,12/18/2025,361.07
4,12/19/2025,334.21
4,12/20/2025,366.57
4,12/21/2025,391.35
4,12/22/2025,336.97
4,12/23/2025,381.05
4,12/24/2025,347.24
4,12/25/2025,379.57
4,12/26/2025,401.01
4,12/27/2025,312.64
4,12/28/2025,344.75
4,12/29/2025,368.93
4,12/30/2025,391.43
4,12/31/2025,378.36
5,1/1/2025,346.21
5,1/2/2025,356.79
5,1/3/2025,379.78
5,1/4/2025,349.55
5,1/5/2025,370.19
5,1/6/2025,314.79
5,1/7/2025,328.29
5,1/8/2025,383.74
5,1/9/2025,329.49
5,1/10/2025,375.95
5,1/11/2025,366.19
5,1/12/2025,361.2
5,1/13/2025,348.79
5,1/14/2025,402.33
5,1/15/2025,428.64
5,1/16/2025,387.09
5,1/17/2025,389.28
5,1/18/2025,360.16
5,1/19/2025,345.83
5,1/20/2025,382.65
5,1/21/2025,355.3
5,1/22/2025,331.9
5,1/23/2025,413.13
5,1/24/2025,416.15
5,1/25/2025,364.13
5,1/26/2025,400.05
5,1/27/2025,425.34
5,1/28/2025,401.63
5,1/29/2025,358.66
5,1/30/2025,390.45
5,1/31/2025,441.57
5,2/1/2025,408.43
5,2/2/2025,419.16
5,2/3/2025,414.14
5,2/4/2025,376.73
5,2/5/2025,385.52
5,2/6/2025,417.96
5,2/7/2025,434.84
5,2/8/2025,445.41
5,2/9/2025,382.4
5,2/10/2025,426.05
5,2/11/2025,452.17
5,2/12/2025,381.41
5,2/13/2025,464.63
5,2/14/2025,470.96
5,2/15/2025,505.14
5,2/16/2025,426.28
5,2/17/2025,427.55
5,2/18/2025,448.49
5,2/19/2025,448.6
5,2/20/2025,460.78
5,2/21/2025,450.25
5,2/22/2025,421.04
5,2/23/2025,467.2
5,2/24/2025,389.97
5,2/25/2025,427.62
5,2/26/2025,481.89
5,2/27/2025,386.24
5,2/28/2025,406.7
5,3/1/2025,453.98
5,3/2/2025,445.22
5,3/3/2025,402.12
5,3/4/2025,418.72
5,3/5/2025,392.88
5,3/6/2025,468.66
5,3/7/2025,426.34
5,3/8/2025,498.4
5,3/9/2025,439.37
5,3/10/2025,429.46
5,3/11/2025,426.63
5,3/12/2025,429.72
5,3/13/2025,442.71
5,3/14/2025,527.63
5,3/15/2025,427.89
5,3/16/2025,429.49
5,3/17/2025,443.02
5,3/18/2025,479.6
5,3/19/2025,391.32
5,3/20/2025,457.95
5,3/21/2025,413.28
5,3/22/2025,462.09
5,3/23/2025,425.29
5,3/24/2025,361.38
5,3/25/2025,456.38
5,3/26/2025,456.29
5,3/27/2025,423.1
5,3/28/2025,421.14
5,3/29/2025,397.35
5,3/30/2025,471.49
5,3/31/2025,475.44
5,4/1/2025,412.91
5,4/2/2025,424.98
5,4/3/2025,441.91
5,4/4/2025,524.81
5,4/5/2025,463.43
5,4/6/2025,410.47
5,4/7/2025,454.65
5,4/8/2025,394.86
5,4/9/2025,469.04
5,4/10/2025,502.81
5,4/11/2025,502.71
5,4/12/2025,468.96
5,4/13/2025,421.99
5,4/14/2025,396.32
5,4/15/2025,392.52
5,4/16/2025,342.53
5,4/17/2025,465.81
5,4/18/2025,437.29
5,4/19/2025,472.54
5,4/20/2025,490.32
5,4/21/2025,443.09
5,4/22/2025,444.21
5,4/23/2025,422.27
5,4/24/2025,425.88
5,4/25/2025,462.93
5,4/26/2025,430.75
5,4/27/2025,425.09
5,4/28/2025,434.94
5,4/29/2025,465.75
5,4/30/2025,410.16
5,5/1/2025,431.2
5,5/2/2025,441.26
5,5/3/2025,472.1
5,5/4/2025,422.97
5,5/5/2025,405.7
5,5/6/2025,412.94
5,5/7/2025,464.86
5,5/8/2025,497.47
5,5/9/2025,382.1
5,5/10/2025,388.73
5,5/11/2025,419.38
5,5/12/2025,427.93
5,5/13/2025,449.83
5,5/14/2025,392.09
5,5/15/2025,385.36
5,5/16/2025,424.78
5,5/17/2025,410.42
5,5/18/2025,449
5,5/19/2025,433.17
5,5/20/2025,434.28
5,5/21/2025,411.21
5,5/22/2025,491.46
5,5/23/2025,384.73
5,5/24/2025,431.28
5,5/25/2025,368.34
5,5/26/2025,373.67
5,5/27/2025,387.74
5,5/28/2025,459.26
5,5/29/2025,413.59
5,5/30/2025,384.69
5,5/31/2025,414.53
5,6/1/2025,402.3
5,6/2/2025,384.12
5,6/3/2025,354
5,6/4/2025,442.9
5,6/5/2025,402.47
5,6/6/2025,463.06
5,6/7/2025,422.66
5,6/8/2025,408.97
5,6/9/2025,376.71
5,6/10/2025,354.81
5,6/11/2025,380.71
5,6/12/2025,351.31
5,6/13/2025,404.6
5,6/14/2025,433.19
5,6/15/2025,373.72
5,6/16/2025,408.95
5,6/17/2025,357.87
5,6/18/2025,368.15
5,6/19/2025,351.29
5,6/20/2025,310.42
5,6/21/2025,371.71
5,6/22/2025,375.12
5,6/23/2025,401.33
5,6/24/2025,391.72
5,6/25/2025,390.5
5,6/26/2025,336.79
5,6/27/2025,377.1
5,6/28/2025,408.06
5,6/29/2025,371.64
5,6/30/2025,411.69
5,7/1/2025,415.39
5,7/2/2025,348.45
5,7/3/2025,334.8
5,7/4/2025,331.53
5,7/5/2025,308.88
5,7/6/2025,335.47
5,7/7/2025,382.12
5,7/8/2025,285.76
5,7/9/2025,316.74
5,7/10/2025,340.4
5,7/11/2025,318.35
5,7/12/2025,326.49
5,7/13/2025,325.45
5,7/14/2025,330.9
5,7/15/2025,316.74
5,7/16/2025,313.14
5,7/17/2025,358.31
5,7/18/2025,359.78
5,7/19/2025,293.94
5,7/20/2025,256.35
5,7/21/2025,355.38
5,7/22/2025,294.01
5,7/23/2025,330.15
5,7/24/2025,282.72
5,7/25/2025,355.19
5,7/26/2025,385.56
5,7/27/2025,323.63
5,7/28/2025,315.19
5,7/29/2025,308.05
5,7/30/2025,334.52
5,7/31/2025,327.71
5,8/1/2025,337.19
5,8/2/2025,295.19
5,8/3/2025,317.91
5,8/4/2025,294.81
5,8/5/2025,280.93
5,8/6/2025,304.62
5,8/7/2025,281.9
5,8/8/2025,331.58
5,8/9/2025,281.07
5,8/10/2025,309.42
5,8/11/2025,285.02
5,8/12/2025,304.91
5,8/13/2025,284.68
5,8/14/2025,266.22
5,8/15/2025,306.27
5,8/16/2025,288.21
5,8/17/2025,299.35
5,8/18/2025,281.58
5,8/19/2025,259.66
5,8/20/2025,314.57
5,8/21/2025,305.47
5,8/22/2025,274.43
5,8/23/2025,288.1
5,8/24/2025,309.34
5,8/25/2025,274.2
5,8/26/2025,276.84
5,8/27/2025,288.31
5,8/28/2025,271.57
5,8/29/2025,300.35
5,8/30/2025,276.46
5,8/31/2025,261.91
5,9/1/2025,292.22
5,9/2/2025,252.5
5,9/3/2025,321.83
5,9/4/2025,311.44
5,9/5/2025,287.08
5,9/6/2025,284.53
5,9/7/2025,282.84
5,9/8/2025,263.11
5,9/9/2025,279.72
5,9/10/2025,252.52
5,9/11/2025,283.07
5,9/12/2025,290.44
5,9/13/2025,262.89
5,9/14/2025,257.73
5,9/15/2025,243.96
5,9/16/2025,301.21
5,9/17/2025,258.24
5,9/18/2025,264.7
5,9/19/2025,275.08
5,9/20/2025,274.37
5,9/21/2025,284.02
5,9/22/2025,259.62
5,9/23/2025,243.14
5,9/24/2025,239.2
5,9/25/2025,254.72
5,9/26/2025,246.61
5,9/27/2025,260.32
5,9/28/2025,294.58
5,9/29/2025,258.55
5,9/30/2025,258.49
5,10/1/2025,266.16
5,10/2/2025,257.85
5,10/3/2025,265.08
5,10/4/2025,278.1
5,10/5/2025,285.51
5,10/6/2025,288.14
5,10/7/2025,310.77
5,10/8/2025,279.17
5,10/9/2025,314.95
5,10/10/2025,250.78
5,10/11/2025,312.4
5,10/12/2025,259.73
5,10/13/2025,262.11
5,10/14/2025,265.89
5,10/15/2025,264.1
5,10/16/2025,271.01
5,10/17/2025,257.03
5,10/18/2025,287.88
5,10/19/2025,258.43
5,10/20/2025,285.05
5,10/21/2025,304.49
5,10/22/2025,264.08
5,10/23/2025,289.69
5,10/24/2025,285.14
5,10/25/2025,322.82
5,10/26/2025,263.06
5,10/27/2025,292.24
5,10/28/2025,239.59
5,10/29/2025,265.14
5,10/30/2025,284.62
5,10/31/2025,308.45
5,11/1/2025,250.98
5,11/2/2025,296.59
5,11/3/2025,278.42
5,11/4/2025,246.49
5,11/5/2025,285.59
5,11/6/2025,320.96
5,11/7/2025,257.85
5,11/8/2025,281.65
5,11/9/2025,262.57
5,11/10/2025,275.29
5,11/11/2025,319.86
5,11/12/2025,281.71
5,11/13/2025,321.38
5,11/14/2025,315.73
5,11/15/2025,282.6
5,11/16/2025,280.37
5,11/17/2025,272.18
5,11/18/2025,272.38
5,11/19/2025,303.77
5,11/20/2025,296.09
5,11/21/2025,282.86
5,11/22/2025,261.85
5,11/23/2025,302.62
5,11/24/2025,289.96
5,11/25/2025,297.77
5,11/26/2025,311.14
5,11/27/2025,243.95
5,11/28/2025,268.69
5,11/29/2025,364.04
5,11/30/2025,296.32
5,12/1/2025,247.68
5,12/2/2025,275.34
5,12/3/2025,374.98
5,12/4/2025,296.49
5,12/5/2025,344.77
5,12/6/2025,319.96
5,12/7/2025,305.92
5,12/8/2025,339.5
5,12/9/2025,259.83
5,12/10/2025,285.31
5,12/11/2025,311.16
5,12/12/2025,290.4
5,12/13/2025,311.61
5,12/14/2025,350.66
5,12/15/2025,333.19
5,12/16/2025,366.43
5,12/17/2025,337.85
5,12/18/2025,360.66
5,12/19/2025,333.9
5,12/20/2025,321.19
5,12/21/2025,378.72
5,12/22/2025,320.81
5,12/23/2025,351.02
5,12/24/2025,364.24
5,12/25/2025,367.86
5,12/26/2025,313.9
5,12/27/2025,376.96
5,12/28/2025,321.87
5,12/29/2025,373.49
5,12/30/2025,367.36
5,12/31/2025,376.97
6,1/1/2025,270.67
6,1/2/2025,284.7
6,1/3/2025,308.58
6,1/4/2025,330.88
6,1/5/2025,358.3
6,1/6/2025,300.96
6,1/7/2025,328.35
6,1/8/2025,336.55
6,1/9/2025,289.69
6,1/10/2025,355.45
6,1/11/2025,285.75
6,1/12/2025,333.93
6,1/13/2025,322.59
6,1/14/2025,317.57
6,1/15/2025,382.09
6,1/16/2025,310.98
6,1/17/2025,311.79
6,1/18/2025,355.35
6,1/19/2025,342.02
6,1/20/2025,356.79
6,1/21/2025,327.85
6,1/22/2025,334.29
6,1/23/2025,376.99
6,1/24/2025,306.46
6,1/25/2025,326.89
6,1/26/2025,351.91
6,1/27/2025,326.75
6,1/28/2025,317.91
6,1/29/2025,350.79
6,1/30/2025,371.23
6,1/31/2025,332.73
6,2/1/2025,333.08
6,2/2/2025,321.19
6,2/3/2025,331.78
6,2/4/2025,370.46
6,2/5/2025,344.2
6,2/6/2025,320.94
6,2/7/2025,351.3
6,2/8/2025,374.13
6,2/9/2025,330.57
6,2/10/2025,310.23
6,2/11/2025,409.13
6,2/12/2025,310.59
6,2/13/2025,339.99
6,2/14/2025,357.51
6,2/15/2025,344.25
6,2/16/2025,350.72
6,2/17/2025,370.06
6,2/18/2025,286.76
6,2/19/2025,319.45
6,2/20/2025,357.59
6,2/21/2025,345.61
6,2/22/2025,361.68
6,2/23/2025,365.31
6,2/24/2025,298.69
6,2/25/2025,397.03
6,2/26/2025,346.67
6,2/27/2025,336.73
6,2/28/2025,368.53
6,3/1/2025,366.29
6,3/2/2025,398.68
6,3/3/2025,372.43
6,3/4/2025,398.96
6,3/5/2025,338.29
6,3/6/2025,370.5
6,3/7/2025,334.19
6,3/8/2025,370.33
6,3/9/2025,364.63
6,3/10/2025,363.87
6,3/11/2025,364.62
6,3/12/2025,391.24
6,3/13/2025,322.35
6,3/14/2025,343.69
6,3/15/2025,369.56
6,3/16/2025,336.15
6,3/17/2025,372.89
6,3/18/2025,370.35
6,3/19/2025,330.39
6,3/20/2025,329.18
6,3/21/2025,294.52
6,3/22/2025,336.6
6,3/23/2025,373.69
6,3/24/2025,378.15
6,3/25/2025,379.71
6,3/26/2025,350.58
6,3/27/2025,373.45
6,3/28/2025,386.01
6,3/29/2025,336.26
6,3/30/2025,378
6,3/31/2025,394.03
6,4/1/2025,359.71
6,4/2/2025,406.24
6,4/3/2025,360.42
6,4/4/2025,348.63
6,4/5/2025,391.02
6,4/6/2025,435.15
6,4/7/2025,376.73
6,4/8/2025,393.06
6,4/9/2025,358.7
6,4/10/2025,336.64
6,4/11/2025,378.55
6,4/12/2025,383.06
6,4/13/2025,362.46
6,4/14/2025,391.73
6,4/15/2025,353.13
6,4/16/2025,345.47
6,4/17/2025,403.59
6,4/18/2025,403.37
6,4/19/2025,352.49
6,4/20/2025,421.97
6,4/21/2025,362.05
6,4/22/2025,372.65
6,4/23/2025,367.2
6,4/24/2025,384.71
6,4/25/2025,376.76
6,4/26/2025,375.85
6,4/27/2025,337.74
6,4/28/2025,317.59
6,4/29/2025,400.13
6,4/30/2025,350.07
6,5/1/2025,364.01
6,5/2/2025,374.36
6,5/3/2025,411.64
6,5/4/2025,368.21
6,5/5/2025,351.38
6,5/6/2025,346.97
6,5/7/2025,360.34
6,5/8/2025,334.45
6,5/9/2025,360.77
6,5/10/2025,357.67
6,5/11/2025,405.44
6,5/12/2025,355.18
6,5/13/2025,301.82
6,5/14/2025,432.03
6,5/15/2025,382.23
6,5/16/2025,413.18
6,5/17/2025,320.58
6,5/18/2025,346.13
6,5/19/2025,370.42
6,5/20/2025,365.56
6,5/21/2025,358.15
6,5/22/2025,287.26
6,5/23/2025,300
6,5/24/2025,388.71
6,5/25/2025,392.49
6,5/26/2025,341.65
6,5/27/2025,381.77
6,5/28/2025,314.47
6,5/29/2025,319.75
6,5/30/2025,310.36
6,5/31/2025,316.22
6,6/1/2025,357.74
6,6/2/2025,313.82
6,6/3/2025,396.15
6,6/4/2025,347.15
6,6/5/2025,362.63
6,6/6/2025,345.56
6,6/7/2025,363.56
6,6/8/2025,307.27
6,6/9/2025,367.1
6,6/10/2025,331.52
6,6/11/2025,358.23
6,6/12/2025,287.95
6,6/13/2025,328.89
6,6/14/2025,326.74
6,6/15/2025,305.82
6,6/16/2025,328.56
6,6/17/2025,358.61
6,6/18/2025,300.33
6,6/19/2025,341.16
6,6/20/2025,287.07
6,6/21/2025,367.3
6,6/22/2025,332.65
6,6/23/2025,354.76
6,6/24/2025,327.15
6,6/25/2025,318.84
6,6/26/2025,327.44
6,6/27/2025,303.27
6,6/28/2025,265.82
6,6/29/2025,314.93
6,6/30/2025,284.46
6,7/1/2025,274.91
6,7/2/2025,315.47
6,7/3/2025,292.22
6,7/4/2025,322.08
6,7/5/2025,277.62
6,7/6/2025,283.92
6,7/7/2025,320.78
6,7/8/2025,299.01
6,7/9/2025,256.77
6,7/10/2025,295.88
6,7/11/2025,322.82
6,7/12/2025,276.35
6,7/13/2025,299.77
6,7/14/2025,265.46
6,7/15/2025,280.45
6,7/16/2025,306.91
6,7/17/2025,285.97
6,7/18/2025,308.66
6,7/19/2025,288.03
6,7/20/2025,326.55
6,7/21/2025,241.53
6,7/22/2025,270.1
6,7/23/2025,249.92
6,7/24/2025,250.3
6,7/25/2025,249.4
6,7/26/2025,273.69
6,7/27/2025,273.75
6,7/28/2025,276.87
6,7/29/2025,242.6
6,7/30/2025,258.52
6,7/31/2025,243.87
6,8/1/2025,282.83
6,8/2/2025,243.76
6,8/3/2025,256.44
6,8/4/2025,271.44
6,8/5/2025,245.97
6,8/6/2025,271.94
6,8/7/2025,289.34
6,8/8/2025,259.4
6,8/9/2025,272.84
6,8/10/2025,211.42
6,8/11/2025,243.79
6,8/12/2025,255.18
6,8/13/2025,229.38
6,8/14/2025,253.66
6,8/15/2025,269.64
6,8/16/2025,210.39
6,8/17/2025,223.24
6,8/18/2025,249.43
6,8/19/2025,253.93
6,8/20/2025,258.44
6,8/21/2025,245.33
6,8/22/2025,251.28
6,8/23/2025,258.97
6,8/24/2025,232.73
6,8/25/2025,228.24
6,8/26/2025,235.92
6,8/27/2025,242.2
6,8/28/2025,225.14
6,8/29/2025,229.48
6,8/30/2025,243.76
6,8/31/2025,238.54
6,9/1/2025,231.42
6,9/2/2025,201.63
6,9/3/2025,233.58
6,9/4/2025,214.95
6,9/5/2025,250.74
6,9/6/2025,226.17
6,9/7/2025,212.91
6,9/8/2025,229.69
6,9/9/2025,253.74
6,9/10/2025,241.44
6,9/11/2025,233.42
6,9/12/2025,204.65
6,9/13/2025,258.17
6,9/14/2025,216.78
6,9/15/2025,244.76
6,9/16/2025,221.47
6,9/17/2025,242.27
6,9/18/2025,250.45
6,9/19/2025,238.19
6,9/20/2025,239.86
6,9/21/2025,224.16
6,9/22/2025,217.87
6,9/23/2025,228
6,9/24/2025,219.19
6,9/25/2025,269.6
6,9/26/2025,207.16
6,9/27/2025,242.94
6,9/28/2025,234.11
6,9/29/2025,228.87
6,9/30/2025,251.29
6,10/1/2025,230.02
6,10/2/2025,213.25
6,10/3/2025,229.92
6,10/4/2025,221.42
6,10/5/2025,233.82
6,10/6/2025,239.48
6,10/7/2025,209.5
6,10/8/2025,246.61
6,10/9/2025,220.65
6,10/10/2025,233.41
6,10/11/2025,236.74
6,10/12/2025,232.46
6,10/13/2025,224.08
6,10/14/2025,217.47
6,10/15/2025,221.72
6,10/16/2025,255.31
6,10/17/2025,211.48
6,10/18/2025,214.47
6,10/19/2025,214.02
6,10/20/2025,230.8
6,10/21/2025,200.83
6,10/22/2025,204.35
6,10/23/2025,224.82
6,10/24/2025,206.38
6,10/25/2025,208.32
6,10/26/2025,207.42
6,10/27/2025,215.93
6,10/28/2025,245.75
6,10/29/2025,250.54
6,10/30/2025,269.16
6,10/31/2025,269.18
6,11/1/2025,249.34
6,11/2/2025,254.57
6,11/3/2025,238.38
6,11/4/2025,246.43
6,11/5/2025,274.2
6,11/6/2025,245.09
6,11/7/2025,260.8
6,11/8/2025,221.63
6,11/9/2025,227.5
6,11/10/2025,247.13
6,11/11/2025,244.83
6,11/12/2025,230.72
6,11/13/2025,290.52
6,11/14/2025,247.85
6,11/15/2025,236.66
6,11/16/2025,249.24
6,11/17/2025,247.66
6,11/18/2025,251.82
6,11/19/2025,217.28
6,11/20/2025,275.83
6,11/21/2025,278.05
6,11/22/2025,281.59
6,11/23/2025,259.55
6,11/24/2025,267.44
6,11/25/2025,237.33
6,11/26/2025,273.11
6,11/27/2025,262.28
6,11/28/2025,248.66
6,11/29/2025,277.19
6,11/30/2025,279.16
6,12/1/2025,262.72
6,12/2/2025,271.77
6,12/3/2025,241.93
6,12/4/2025,291.17
6,12/5/2025,246.85
6,12/6/2025,252.06
6,12/7/2025,269.64
6,12/8/2025,293.5
6,12/9/2025,294.78
6,12/10/2025,271.75
6,12/11/2025,289.94
6,12/12/2025,237.21
6,12/13/2025,259.63
6,12/14/2025,261.23
6,12/15/2025,305.78
6,12/16/2025,293.8
6,12/17/2025,284.56
6,12/18/2025,288.02
6,12/19/2025,318.42
6,12/20/2025,280.31
6,12/21/2025,255.44
6,12/22/2025,311.65
6,12/23/2025,292.18
6,12/24/2025,311.33
6,12/25/2025,289.5
6,12/26/2025,272.24
6,12/27/2025,302.55
6,12/28/2025,294.63
6,12/29/2025,300.05
6,12/30/2025,335.37
6,12/31/2025,272.04
7,1/1/2025,279.86
7,1/2/2025,333.08
7,1/3/2025,295.31
7,1/4/2025,281.58
7,1/5/2025,250.88
7,1/6/2025,289.33
7,1/7/2025,306.7
7,1/8/2025,287.09
7,1/9/2025,278.41
7,1/10/2025,278
7,1/11/2025,305.06
7,1/12/2025,311.57
7,1/13/2025,327.02
7,1/14/2025,272.52
7,1/15/2025,309.77
7,1/16/2025,295.52
7,1/17/2025,297.38
7,1/18/2025,310.42
7,1/19/2025,311.75
7,1/20/2025,315.87
7,1/21/2025,278.46
7,1/22/2025,287.01
7,1/23/2025,342.88
7,1/24/2025,302.14
7,1/25/2025,316.23
7,1/26/2025,335.92
7,1/27/2025,322.4
7,1/28/2025,325.59
7,1/29/2025,335.43
7,1/30/2025,260.91
7,1/31/2025,302.8
7,2/1/2025,328.05
7,2/2/2025,352.44
7,2/3/2025,319.93
7,2/4/2025,297.69
7,2/5/2025,299.3
7,2/6/2025,343.97
7,2/7/2025,316.62
7,2/8/2025,323.01
7,2/9/2025,340.09
7,2/10/2025,249.63
7,2/11/2025,378.18
7,2/12/2025,307.8
7,2/13/2025,334.17
7,2/14/2025,283.88
7,2/15/2025,318.43
7,2/16/2025,363.33
7,2/17/2025,280.49
7,2/18/2025,362.02
7,2/19/2025,325.62
7,2/20/2025,346.71
7,2/21/2025,352.08
7,2/22/2025,347.08
7,2/23/2025,312.74
7,2/24/2025,326.9
7,2/25/2025,297.98
7,2/26/2025,351.44
7,2/27/2025,384.95
7,2/28/2025,289.93
7,3/1/2025,319.4
7,3/2/2025,335.79
7,3/3/2025,346.09
7,3/4/2025,366
7,3/5/2025,338.35
7,3/6/2025,334.41
7,3/7/2025,373.94
7,3/8/2025,362.36
7,3/9/2025,359.49
7,3/10/2025,348.22
7,3/11/2025,372.75
7,3/12/2025,327.84
7,3/13/2025,324.47
7,3/14/2025,367.54
7,3/15/2025,302.08
7,3/16/2025,350.15
7,3/17/2025,339.11
7,3/18/2025,309.09
7,3/19/2025,322.58
7,3/20/2025,345.79
7,3/21/2025,377.97
7,3/22/2025,331.09
7,3/23/2025,383.5
7,3/24/2025,351.53
7,3/25/2025,386.63
7,3/26/2025,333.18
7,3/27/2025,348.88
7,3/28/2025,360.69
7,3/29/2025,345.43
7,3/30/2025,377.27
7,3/31/2025,288.68
7,4/1/2025,418.59
7,4/2/2025,374.71
7,4/3/2025,345.78
7,4/4/2025,335.13
7,4/5/2025,326.27
7,4/6/2025,368.61
7,4/7/2025,378.31
7,4/8/2025,345.75
7,4/9/2025,381.19
7,4/10/2025,324.62
7,4/11/2025,319.52
7,4/12/2025,400.39
7,4/13/2025,365.98
7,4/14/2025,388.25
7,4/15/2025,325.13
7,4/16/2025,322.93
7,4/17/2025,338.41
7,4/18/2025,325.14
7,4/19/2025,367.38
7,4/20/2025,326.53
7,4/21/2025,314.5
7,4/22/2025,350.58
7,4/23/2025,310.5
7,4/24/2025,296.01
7,4/25/2025,349.02
7,4/26/2025,296.61
7,4/27/2025,365.74
7,4/28/2025,305.49
7,4/29/2025,281.8
7,4/30/2025,334.74
7,5/1/2025,346.2
7,5/2/2025,355.09
7,5/3/2025,345.75
7,5/4/2025,311.58
7,5/5/2025,359.18
7,5/6/2025,365.2
7,5/7/2025,305.82
7,5/8/2025,332.89
7,5/9/2025,329.68
7,5/10/2025,342.29
7,5/11/2025,330.12
7,5/12/2025,333.05
7,5/13/2025,351.25
7,5/14/2025,303.61
7,5/15/2025,352.12
7,5/16/2025,361.97
7,5/17/2025,374.11
7,5/18/2025,273.42
7,5/19/2025,324.33
7,5/20/2025,276.66
7,5/21/2025,263.6
7,5/22/2025,330.23
7,5/23/2025,315.15
7,5/24/2025,332.4
7,5/25/2025,336.26
7,5/26/2025,354.93
7,5/27/2025,323.13
7,5/28/2025,395.78
7,5/29/2025,327.6
7,5/30/2025,365.74
7,5/31/2025,258.44
7,6/1/2025,350.91
7,6/2/2025,311.11
7,6/3/2025,265.58
7,6/4/2025,324.11
7,6/5/2025,304.92
7,6/6/2025,325.87
7,6/7/2025,335.43
7,6/8/2025,272.39
7,6/9/2025,333.14
7,6/10/2025,307.17
7,6/11/2025,338.99
7,6/12/2025,299.76
7,6/13/2025,292.2
7,6/14/2025,303.13
7,6/15/2025,303.79
7,6/16/2025,284.26
7,6/17/2025,287.14
7,6/18/2025,268.61
7,6/19/2025,286.36
7,6/20/2025,311.48
7,6/21/2025,291.08
7,6/22/2025,316.79
7,6/23/2025,287.61
7,6/24/2025,257.45
7,6/25/2025,303.39
7,6/26/2025,272.81
7,6/27/2025,281.79
7,6/28/2025,314.26
7,6/29/2025,258.3
7,6/30/2025,287.28
7,7/1/2025,281.42
7,7/2/2025,296.89
7,7/3/2025,299.07
7,7/4/2025,284.59
7,7/5/2025,269.5
7,7/6/2025,286.76
7,7/7/2025,304.49
7,7/8/2025,273.29
7,7/9/2025,266.86
7,7/10/2025,279.92
7,7/11/2025,271.13
7,7/12/2025,240.31
7,7/13/2025,273.04
7,7/14/2025,237.99
7,7/15/2025,273.5
7,7/16/2025,247.51
7,7/17/2025,263.97
7,7/18/2025,270.22
7,7/19/2025,312.08
7,7/20/2025,275.15
7,7/21/2025,286.79
7,7/22/2025,295.97
7,7/23/2025,266.31
7,7/24/2025,260.99
7,7/25/2025,232.35
7,7/26/2025,250.56
7,7/27/2025,237.25
7,7/28/2025,242.67
7,7/29/2025,286.99
7,7/30/2025,250.83
7,7/31/2025,230.14
7,8/1/2025,273.52
7,8/2/2025,264.12
7,8/3/2025,264.03
7,8/4/2025,204.25
7,8/5/2025,280.05
7,8/6/2025,230.5
7,8/7/2025,255.24
7,8/8/2025,287.62
7,8/9/2025,279.42
7,8/10/2025,218.81
7,8/11/2025,209.1
7,8/12/2025,262.44
7,8/13/2025,237.24
7,8/14/2025,224.31
7,8/15/2025,244.35
7,8/16/2025,228.88
7,8/17/2025,244
7,8/18/2025,231.42
7,8/19/2025,242.61
7,8/20/2025,212.18
7,8/21/2025,253.69
7,8/22/2025,239.62
7,8/23/2025,237.87
7,8/24/2025,205.27
7,8/25/2025,255.24
7,8/26/2025,223.72
7,8/27/2025,236.26
7,8/28/2025,216.82
7,8/29/2025,226.53
7,8/30/2025,226.5
7,8/31/2025,170.84
7,9/1/2025,230.24
7,9/2/2025,253.88
7,9/3/2025,228.25
7,9/4/2025,201.52
7,9/5/2025,229.02
7,9/6/2025,235.58
7,9/7/2025,225.54
7,9/8/2025,214.89
7,9/9/2025,211.52
7,9/10/2025,211.01
7,9/11/2025,226.81
7,9/12/2025,190.27
7,9/13/2025,207.65
7,9/14/2025,240.91
7,9/15/2025,241.17
7,9/16/2025,187.77
7,9/17/2025,193.39
7,9/18/2025,207.75
7,9/19/2025,227.22
7,9/20/2025,180.85
7,9/21/2025,210.66
7,9/22/2025,203.36
7,9/23/2025,233.59
7,9/24/2025,182.71
7,9/25/2025,212.42
7,9/26/2025,204.1
7,9/27/2025,235.39
7,9/28/2025,220.6
7,9/29/2025,200.61
7,9/30/2025,224.79
7,10/1/2025,203.85
7,10/2/2025,227.21
7,10/3/2025,206.42
7,10/4/2025,228.2
7,10/5/2025,217.84
7,10/6/2025,265.51
7,10/7/2025,209.79
7,10/8/2025,217.25
7,10/9/2025,202.85
7,10/10/2025,211.14
7,10/11/2025,165.61
7,10/12/2025,219.36
7,10/13/2025,234.44
7,10/14/2025,218.67
7,10/15/2025,189.9
7,10/16/2025,198.86
7,10/17/2025,171.42
7,10/18/2025,229.81
7,10/19/2025,196.27
7,10/20/2025,213.33
7,10/21/2025,211.57
7,10/22/2025,240.15
7,10/23/2025,216.5
7,10/24/2025,229.42
7,10/25/2025,225.37
7,10/26/2025,239.95
7,10/27/2025,212.76
7,10/28/2025,249.95
7,10/29/2025,183.34
7,10/30/2025,233.51
7,10/31/2025,203.9
7,11/1/2025,211.03
7,11/2/2025,230.33
7,11/3/2025,230.85
7,11/4/2025,232.32
7,11/5/2025,197.59
7,11/6/2025,248.75
7,11/7/2025,207.5
7,11/8/2025,210.55
7,11/9/2025,236.54
7,11/10/2025,220.62
7,11/11/2025,232.15
7,11/12/2025,188.12
7,11/13/2025,233.33
7,11/14/2025,232.94
7,11/15/2025,220.4
7,11/16/2025,192.35
7,11/17/2025,227.53
7,11/18/2025,231.64
7,11/19/2025,226.37
7,11/20/2025,199.73
7,11/21/2025,265.02
7,11/22/2025,223.9
7,11/23/2025,232.69
7,11/24/2025,192
7,11/25/2025,269.28
7,11/26/2025,230.84
7,11/27/2025,242.68
7,11/28/2025,263.46
7,11/29/2025,229.65
7,11/30/2025,262.6
7,12/1/2025,204.47
7,12/2/2025,256.73
7,12/3/2025,278.01
7,12/4/2025,236.5
7,12/5/2025,271.38
7,12/6/2025,286.87
7,12/7/2025,246.14
7,12/8/2025,245.55
7,12/9/2025,235.26
7,12/10/2025,244.21
7,12/11/2025,239.04
7,12/12/2025,238.38
7,12/13/2025,282.73
7,12/14/2025,242.76
7,12/15/2025,265.67
7,12/16/2025,262.25
7,12/17/2025,294.09
7,12/18/2025,253.17
7,12/19/2025,273.04
7,12/20/2025,282.98
7,12/21/2025,299.18
7,12/22/2025,257.39
7,12/23/2025,256.37
7,12/24/2025,247.88
7,12/25/2025,320.77
7,12/26/2025,303.56
7,12/27/2025,273.57
7,12/28/2025,318.3
7,12/29/2025,274.65
7,12/30/2025,294.23
7,12/31/2025,279.54
8,1/1/2025,671.32
8,1/2/2025,692.57
8,1/3/2025,714.42
8,1/4/2025,687.33
8,1/5/2025,732.45
8,1/6/2025,686.86
8,1/7/2025,713.5
8,1/8/2025,720.42
8,1/9/2025,660.92
8,1/10/2025,714.96
8,1/11/2025,627.42
8,1/12/2025,700.29
8,1/13/2025,715.55
8,1/14/2025,744.45
8,1/15/2025,734.7
8,1/16/2025,751.07
8,1/17/2025,689.32
8,1/18/2025,678.26
8,1/19/2025,684.81
8,1/20/2025,717.84
8,1/21/2025,603.42
8,1/22/2025,783.58
8,1/23/2025,713.24
8,1/24/2025,689.66
8,1/25/2025,571.03
8,1/26/2025,716.35
8,1/27/2025,709.56
8,1/28/2025,671.59
8,1/29/2025,686.92
8,1/30/2025,726.93
8,1/31/2025,696.53
8,2/1/2025,766.9
8,2/2/2025,691.67
8,2/3/2025,747.25
8,2/4/2025,810.37
8,2/5/2025,740.61
8,2/6/2025,766.3
8,2/7/2025,764.84
8,2/8/2025,750.06
8,2/9/2025,747.76
8,2/10/2025,719.5
8,2/11/2025,765.25
8,2/12/2025,741.05
8,2/13/2025,854.35
8,2/14/2025,811.83
8,2/15/2025,675.54
8,2/16/2025,680.71
8,2/17/2025,760.3
8,2/18/2025,745.87
8,2/19/2025,760.79
8,2/20/2025,814.27
8,2/21/2025,795.35
8,2/22/2025,796.54
8,2/23/2025,869.42
8,2/24/2025,694.18
8,2/25/2025,789.12
8,2/26/2025,747.9
8,2/27/2025,876.04
8,2/28/2025,648.18
8,3/1/2025,652.18
8,3/2/2025,809.55
8,3/3/2025,863.04
8,3/4/2025,842.14
8,3/5/2025,743.5
8,3/6/2025,891.59
8,3/7/2025,718.43
8,3/8/2025,881.62
8,3/9/2025,729.01
8,3/10/2025,777.88
8,3/11/2025,842.47
8,3/12/2025,708.37
8,3/13/2025,897.91
8,3/14/2025,781.38
8,3/15/2025,814.15
8,3/16/2025,881.1
8,3/17/2025,755.74
8,3/18/2025,876.24
8,3/19/2025,914.49
8,3/20/2025,766.62
8,3/21/2025,898.36
8,3/22/2025,696.11
8,3/23/2025,836.01
8,3/24/2025,731.47
8,3/25/2025,872.83
8,3/26/2025,867.89
8,3/27/2025,947.32
8,3/28/2025,905
8,3/29/2025,802.05
8,3/30/2025,742.65
8,3/31/2025,849.94
8,4/1/2025,809.28
8,4/2/2025,914.18
8,4/3/2025,672.31
8,4/4/2025,955.54
8,4/5/2025,847.69
8,4/6/2025,760.05
8,4/7/2025,860.44
8,4/8/2025,896.8
8,4/9/2025,819.6
8,4/10/2025,697.2
8,4/11/2025,792.35
8,4/12/2025,878.41
8,4/13/2025,842.69
8,4/14/2025,799.81
8,4/15/2025,894.07
8,4/16/2025,856.56
8,4/17/2025,860.82
8,4/18/2025,780.8
8,4/19/2025,773.81
8,4/20/2025,696.15
8,4/21/2025,788.16
8,4/22/2025,864.12
8,4/23/2025,789.89
8,4/24/2025,830.58
8,4/25/2025,872.15
8,4/26/2025,823.72
8,4/27/2025,828.79
8,4/28/2025,710.91
8,4/29/2025,775.77
8,4/30/2025,904.88
8,5/1/2025,800.34
8,5/2/2025,912.63
8,5/3/2025,745.25
8,5/4/2025,804.35
8,5/5/2025,763.97
8,5/6/2025,823.83
8,5/7/2025,841.23
8,5/8/2025,821.18
8,5/9/2025,846.95
8,5/10/2025,779.29
8,5/11/2025,766.53
8,5/12/2025,667.41
8,5/13/2025,814.44
8,5/14/2025,783.68
8,5/15/2025,766.98
8,5/16/2025,757.53
8,5/17/2025,765.08
8,5/18/2025,750.91
8,5/19/2025,731.13
8,5/20/2025,775.93
8,5/21/2025,788.68
8,5/22/2025,710.5
8,5/23/2025,730.84
8,5/24/2025,740.56
8,5/25/2025,750.98
8,5/26/2025,740.79
8,5/27/2025,785.6
8,5/28/2025,645.6
8,5/29/2025,654.12
8,5/30/2025,750.74
8,5/31/2025,701.4
8,6/1/2025,786.51
8,6/2/2025,800.66
8,6/3/2025,743.35
8,6/4/2025,664.88
8,6/5/2025,785.91
8,6/6/2025,733.76
8,6/7/2025,634.12
8,6/8/2025,636.95
8,6/9/2025,801.35
8,6/10/2025,789.01
8,6/11/2025,566.58
8,6/12/2025,630.05
8,6/13/2025,768.46
8,6/14/2025,700.5
8,6/15/2025,738.11
8,6/16/2025,692.74
8,6/17/2025,729.81
8,6/18/2025,691.11
8,6/19/2025,663.98
8,6/20/2025,743.39
8,6/21/2025,693.63
8,6/22/2025,715.33
8,6/23/2025,685.62
8,6/24/2025,648.09
8,6/25/2025,757.96
8,6/26/2025,687.76
8,6/27/2025,647.07
8,6/28/2025,731.02
8,6/29/2025,590.62
8,6/30/2025,775.26
8,7/1/2025,645.43
8,7/2/2025,585.87
8,7/3/2025,748.2
8,7/4/2025,622.46
8,7/5/2025,656.14
8,7/6/2025,677.61
8,7/7/2025,698.47
8,7/8/2025,650.47
8,7/9/2025,599.7
8,7/10/2025,640.7
8,7/11/2025,605.87
8,7/12/2025,636.56
8,7/13/2025,702.31
8,7/14/2025,656.03
8,7/15/2025,626.06
8,7/16/2025,649.38
8,7/17/2025,649.99
8,7/18/2025,555.32
8,7/19/2025,607.05
8,7/20/2025,725.83
8,7/21/2025,657.87
8,7/22/2025,572.99
8,7/23/2025,565.71
8,7/24/2025,561.64
8,7/25/2025,630.01
8,7/26/2025,662.04
8,7/27/2025,611.23
8,7/28/2025,588.8
8,7/29/2025,558.39
8,7/30/2025,591.65
8,7/31/2025,536.32
8,8/1/2025,483.01
8,8/2/2025,643.6
8,8/3/2025,521.08
8,8/4/2025,549.62
8,8/5/2025,591.43
8,8/6/2025,623.81
8,8/7/2025,568.75
8,8/8/2025,502.01
8,8/9/2025,539.43
8,8/10/2025,520.65
8,8/11/2025,546.67
8,8/12/2025,600.01
8,8/13/2025,433.61
8,8/14/2025,524.11
8,8/15/2025,518.98
8,8/16/2025,483.77
8,8/17/2025,560.94
8,8/18/2025,473.44
8,8/19/2025,476.63
8,8/20/2025,566.14
8,8/21/2025,591.59
8,8/22/2025,523.16
8,8/23/2025,473.49
8,8/24/2025,493.31
8,8/25/2025,563.13
8,8/26/2025,524.27
8,8/27/2025,513.61
8,8/28/2025,529.13
8,8/29/2025,513.09
8,8/30/2025,576.58
8,8/31/2025,480.99
8,9/1/2025,474.95
8,9/2/2025,452.51
8,9/3/2025,485.55
8,9/4/2025,461.95
8,9/5/2025,513.71
8,9/6/2025,504.52
8,9/7/2025,459.12
8,9/8/2025,524.99
8,9/9/2025,560.98
8,9/10/2025,513.52
8,9/11/2025,396.85
8,9/12/2025,576.32
8,9/13/2025,526.02
8,9/14/2025,573.04
8,9/15/2025,537.84
8,9/16/2025,544.89
8,9/17/2025,501.27
8,9/18/2025,482.16
8,9/19/2025,506.56
8,9/20/2025,463.42
8,9/21/2025,507.77
8,9/22/2025,387.22
8,9/23/2025,491.48
8,9/24/2025,542.05
8,9/25/2025,492.75
8,9/26/2025,556.3
8,9/27/2025,478.2
8,9/28/2025,527.46
8,9/29/2025,453.84
8,9/30/2025,525.59
8,10/1/2025,497.05
8,10/2/2025,479.38
8,10/3/2025,387.51
8,10/4/2025,478.15
8,10/5/2025,496.55
8,10/6/2025,520.77
8,10/7/2025,549.64
8,10/8/2025,568.49
8,10/9/2025,538
8,10/10/2025,467.58
8,10/11/2025,478.07
8,10/12/2025,519.48
8,10/13/2025,511.41
8,10/14/2025,555.6
8,10/15/2025,589.79
8,10/16/2025,582.21
8,10/17/2025,552.52
8,10/18/2025,515.16
8,10/19/2025,548.52
8,10/20/2025,561.83
8,10/21/2025,490.95
8,10/22/2025,476.53
8,10/23/2025,468.1
8,10/24/2025,464.71
8,10/25/2025,445.44
8,10/26/2025,511.96
8,10/27/2025,462.85
8,10/28/2025,472.67
8,10/29/2025,533.89
8,10/30/2025,514.18
8,10/31/2025,525.61
8,11/1/2025,565.16
8,11/2/2025,546.27
8,11/3/2025,574.65
8,11/4/2025,517.17
8,11/5/2025,581.88
8,11/6/2025,531.87
8,11/7/2025,525.61
8,11/8/2025,581.1
8,11/9/2025,485.54
8,11/10/2025,608.47
8,11/11/2025,513.61
8,11/12/2025,475.89
8,11/13/2025,556.78
8,11/14/2025,514.97
8,11/15/2025,619.27
8,11/16/2025,516.34
8,11/17/2025,550.35
8,11/18/2025,477.4
8,11/19/2025,576.09
8,11/20/2025,509.22
8,11/21/2025,575.35
8,11/22/2025,528.5
8,11/23/2025,459.46
8,11/24/2025,557.43
8,11/25/2025,557.71
8,11/26/2025,595.34
8,11/27/2025,627.95
8,11/28/2025,646.55
8,11/29/2025,602.03
8,11/30/2025,578.08
8,12/1/2025,503.03
8,12/2/2025,579.51
8,12/3/2025,582.59
8,12/4/2025,566.07
8,12/5/2025,606.96
8,12/6/2025,632.3
8,12/7/2025,544.6
8,12/8/2025,546.26
8,12/9/2025,581.33
8,12/10/2025,561.41
8,12/11/2025,515.21
8,12/12/2025,548.22
8,12/13/2025,539.37
8,12/14/2025,659.12
8,12/15/2025,685.93
8,12/16/2025,553.24
8,12/17/2025,635.69
8,12/18/2025,654.54
8,12/19/2025,541.15
8,12/20/2025,625.2
8,12/21/2025,745.66
8,12/22/2025,656.49
8,12/23/2025,613.24
8,12/24/2025,600.13
8,12/25/2025,528.96
8,12/26/2025,657.7
8,12/27/2025,735.83
8,12/28/2025,597.8
8,12/29/2025,542.77
8,12/30/2025,610.74
8,12/31/2025,693.5
9,1/1/2025,469.18
9,1/2/2025,425.15
9,1/3/2025,454.74
9,1/4/2025,445.96
9,1/5/2025,444.17
9,1/6/2025,473.92
9,1/7/2025,433.37
9,1/8/2025,436.92
9,1/9/2025,483.37
9,1/10/2025,420.23
9,1/11/2025,425.86
9,1/12/2025,413.6
9,1/13/2025,493.2
9,1/14/2025,459.77
9,1/15/2025,416.59
9,1/16/2025,499.27
9,1/17/2025,448.32
9,1/18/2025,438.14
9,1/19/2025,465.39
9,1/20/2025,530.73
9,1/21/2025,461.32
9,1/22/2025,500.15
9,1/23/2025,507.82
9,1/24/2025,498.74
9,1/25/2025,532.55
9,1/26/2025,457.68
9,1/27/2025,446.2
9,1/28/2025,446.99
9,1/29/2025,484.55
9,1/30/2025,454.61
9,1/31/2025,499.36
9,2/1/2025,498.22
9,2/2/2025,537.27
9,2/3/2025,510
9,2/4/2025,483.33
9,2/5/2025,518.03
9,2/6/2025,461.63
9,2/7/2025,503.08
9,2/8/2025,519.06
9,2/9/2025,512.87
9,2/10/2025,525.99
9,2/11/2025,484.23
9,2/12/2025,559.15
9,2/13/2025,588.21
9,2/14/2025,448.76
9,2/15/2025,465.93
9,2/16/2025,519.25
9,2/17/2025,508.13
9,2/18/2025,598.97
9,2/19/2025,530.51
9,2/20/2025,580.8
9,2/21/2025,437.94
9,2/22/2025,559.19
9,2/23/2025,496.05
9,2/24/2025,496.45
9,2/25/2025,517.93
9,2/26/2025,469.17
9,2/27/2025,549.38
9,2/28/2025,539.74
9,3/1/2025,543.98
9,3/2/2025,571.48
9,3/3/2025,599.35
9,3/4/2025,519.92
9,3/5/2025,556.88
9,3/6/2025,549.86
9,3/7/2025,554.36
9,3/8/2025,555.84
9,3/9/2025,608.37
9,3/10/2025,520.58
9,3/11/2025,475.12
9,3/12/2025,511.61
9,3/13/2025,575.39
9,3/14/2025,544.17
9,3/15/2025,523.41
9,3/16/2025,497.45
9,3/17/2025,554.51
9,3/18/2025,573.49
9,3/19/2025,559.2
9,3/20/2025,535.21
9,3/21/2025,553.11
9,3/22/2025,553.24
9,3/23/2025,555.73
9,3/24/2025,495.84
9,3/25/2025,556.67
9,3/26/2025,528.95
9,3/27/2025,594.16
9,3/28/2025,554.52
9,3/29/2025,585.52
9,3/30/2025,535.7
9,3/31/2025,537.38
9,4/1/2025,614.74
9,4/2/2025,568.3
9,4/3/2025,517.73
9,4/4/2025,588.48
9,4/5/2025,525.58
9,4/6/2025,558.81
9,4/7/2025,629.39
9,4/8/2025,485.78
9,4/9/2025,540.68
9,4/10/2025,566.06
9,4/11/2025,581.4
9,4/12/2025,493.21
9,4/13/2025,480.02
9,4/14/2025,594.61
9,4/15/2025,515
9,4/16/2025,512.77
9,4/17/2025,613.27
9,4/18/2025,548.16
9,4/19/2025,547.92
9,4/20/2025,536.22
9,4/21/2025,490.24
9,4/22/2025,572.19
9,4/23/2025,559.96
9,4/24/2025,548.83
9,4/25/2025,535.78
9,4/26/2025,527.45
9,4/27/2025,578.68
9,4/28/2025,532.43
9,4/29/2025,534.93
9,4/30/2025,559.59
9,5/1/2025,544.87
9,5/2/2025,605.33
9,5/3/2025,458.84
9,5/4/2025,545.92
9,5/5/2025,502.1
9,5/6/2025,491.08
9,5/7/2025,510.68
9,5/8/2025,531.29
9,5/9/2025,532.06
9,5/10/2025,462.81
9,5/11/2025,502.84
9,5/12/2025,536.2
9,5/13/2025,486.49
9,5/14/2025,475.41
9,5/15/2025,426.73
9,5/16/2025,491.87
9,5/17/2025,470.47
9,5/18/2025,476.12
9,5/19/2025,504.24
9,5/20/2025,489.4
9,5/21/2025,464.84
9,5/22/2025,424.72
9,5/23/2025,522.15
9,5/24/2025,538.97
9,5/25/2025,490.79
9,5/26/2025,494.63
9,5/27/2025,503.97
9,5/28/2025,565.76
9,5/29/2025,437.96
9,5/30/2025,482.63
9,5/31/2025,429.04
9,6/1/2025,510.36
9,6/2/2025,488.66
9,6/3/2025,500.71
9,6/4/2025,497.06
9,6/5/2025,528.16
9,6/6/2025,508.68
9,6/7/2025,518.27
9,6/8/2025,442.98
9,6/9/2025,528.59
9,6/10/2025,453
9,6/11/2025,453.55
9,6/12/2025,487.6
9,6/13/2025,486.97
9,6/14/2025,433.07
9,6/15/2025,465.35
9,6/16/2025,526.05
9,6/17/2025,413.26
9,6/18/2025,521.85
9,6/19/2025,455.61
9,6/20/2025,376.21
9,6/21/2025,410.51
9,6/22/2025,423.66
9,6/23/2025,434.36
9,6/24/2025,451.5
9,6/25/2025,355.37
9,6/26/2025,458.31
9,6/27/2025,411.73
9,6/28/2025,497.62
9,6/29/2025,436.28
9,6/30/2025,477.52
9,7/1/2025,481.41
9,7/2/2025,478.4
9,7/3/2025,418.49
9,7/4/2025,416.24
9,7/5/2025,426.76
9,7/6/2025,454.71
9,7/7/2025,413.2
9,7/8/2025,424.83
9,7/9/2025,436.39
9,7/10/2025,394.38
9,7/11/2025,390.51
9,7/12/2025,416.09
9,7/13/2025,418.69
9,7/14/2025,432.2
9,7/15/2025,438.21
9,7/16/2025,377.61
9,7/17/2025,385.4
9,7/18/2025,378.48
9,7/19/2025,454.69
9,7/20/2025,402.8
9,7/21/2025,405.44
9,7/22/2025,404.99
9,7/23/2025,378.37
9,7/24/2025,449.58
9,7/25/2025,410.9
9,7/26/2025,397.33
9,7/27/2025,359.48
9,7/28/2025,356.13
9,7/29/2025,381.26
9,7/30/2025,367.44
9,7/31/2025,354.46
9,8/1/2025,374.45
9,8/2/2025,377.6
9,8/3/2025,386.97
9,8/4/2025,365.66
9,8/5/2025,348.84
9,8/6/2025,348.44
9,8/7/2025,412.8
9,8/8/2025,337.22
9,8/9/2025,384.07
9,8/10/2025,387.18
9,8/11/2025,366.66
9,8/12/2025,420.95
9,8/13/2025,382.09
9,8/14/2025,419.88
9,8/15/2025,345.55
9,8/16/2025,344.75
9,8/17/2025,377.08
9,8/18/2025,352.94
9,8/19/2025,407.61
9,8/20/2025,367.68
9,8/21/2025,326.84
9,8/22/2025,306.03
9,8/23/2025,351.98
9,8/24/2025,350.5
9,8/25/2025,360.69
9,8/26/2025,384.7
9,8/27/2025,379.81
9,8/28/2025,332.41
9,8/29/2025,311.53
9,8/30/2025,312.27
9,8/31/2025,325.11
9,9/1/2025,334.4
9,9/2/2025,351.95
9,9/3/2025,320.7
9,9/4/2025,349.44
9,9/5/2025,350.79
9,9/6/2025,343.99
9,9/7/2025,308.66
9,9/8/2025,351.2
9,9/9/2025,394.03
9,9/10/2025,343.72
9,9/11/2025,256.93
9,9/12/2025,369.1
9,9/13/2025,316.31
9,9/14/2025,395.21
9,9/15/2025,337.12
9,9/16/2025,288.54
9,9/17/2025,278
9,9/18/2025,373.5
9,9/19/2025,361.49
9,9/20/2025,390.79
9,9/21/2025,331.64
9,9/22/2025,329.52
9,9/23/2025,320.6
9,9/24/2025,313.05
9,9/25/2025,319.85
9,9/26/2025,335.76
9,9/27/2025,307.58
9,9/28/2025,285.68
9,9/29/2025,333.82
9,9/30/2025,306.69
9,10/1/2025,244.1
9,10/2/2025,344.04
9,10/3/2025,300.29
9,10/4/2025,347.01
9,10/5/2025,346.47
9,10/6/2025,337.25
9,10/7/2025,395.83
9,10/8/2025,326.47
9,10/9/2025,322.78
9,10/10/2025,348.66
9,10/11/2025,329.4
9,10/12/2025,361.93
9,10/13/2025,297.88
9,10/14/2025,298.66
9,10/15/2025,352.68
9,10/16/2025,301.76
9,10/17/2025,349.48
9,10/18/2025,343.62
9,10/19/2025,315.71
9,10/20/2025,344.69
9,10/21/2025,302.32
9,10/22/2025,309.2
9,10/23/2025,330.35
9,10/24/2025,339.57
9,10/25/2025,329.94
9,10/26/2025,350.65
9,10/27/2025,350.25
9,10/28/2025,382.16
9,10/29/2025,338.74
9,10/30/2025,374.91
9,10/31/2025,368.38
9,11/1/2025,407.17
9,11/2/2025,341.48
9,11/3/2025,334.34
9,11/4/2025,381.89
9,11/5/2025,358.75
9,11/6/2025,384.88
9,11/7/2025,370.26
9,11/8/2025,292.09
9,11/9/2025,363.05
9,11/10/2025,362.41
9,11/11/2025,358.58
9,11/12/2025,352.25
9,11/13/2025,311.76
9,11/14/2025,383.61
9,11/15/2025,370.59
9,11/16/2025,392.98
9,11/17/2025,317.86
9,11/18/2025,378.61
9,11/19/2025,358.38
9,11/20/2025,370.86
9,11/21/2025,361.5
9,11/22/2025,385.59
9,11/23/2025,366.15
9,11/24/2025,341.13
9,11/25/2025,376.57
9,11/26/2025,369.08
9,11/27/2025,374.55
9,11/28/2025,282.07
9,11/29/2025,400.98
9,11/30/2025,372.21
9,12/1/2025,342.08
9,12/2/2025,413.49
9,12/3/2025,406.41
9,12/4/2025,378.22
9,12/5/2025,354.12
9,12/6/2025,397.35
9,12/7/2025,397.36
9,12/8/2025,424.43
9,12/9/2025,382.86
9,12/10/2025,436.81
9,12/11/2025,383.15
9,12/12/2025,358.93
9,12/13/2025,367.42
9,12/14/2025,403.79
9,12/15/2025,405.48
9,12/16/2025,420.17
9,12/17/2025,408.28
9,12/18/2025,445.39
9,12/19/2025,406.26
9,12/20/2025,350.22
9,12/21/2025,414.58
9,12/22/2025,352.98
9,12/23/2025,431.53
9,12/24/2025,460.11
9,12/25/2025,392.48
9,12/26/2025,476.55
9,12/27/2025,458.85
9,12/28/2025,473.42
9,12/29/2025,440.21
9,12/30/2025,400.93
9,12/31/2025,464.74
10,1/1/2025,618.12
10,1/2/2025,688.95
10,1/3/2025,713.8
10,1/4/2025,619.26
10,1/5/2025,717.32
10,1/6/2025,741.43
10,1/7/2025,665.33
10,1/8/2025,630.54
10,1/9/2025,634.1
10,1/10/2025,742.71
10,1/11/2025,824.2
10,1/12/2025,627.75
10,1/13/2025,626.07
10,1/14/2025,737.35
10,1/15/2025,647.87
10,1/16/2025,748.56
10,1/17/2025,720.74
10,1/18/2025,696.22
10,1/19/2025,724.95
10,1/20/2025,724.27
10,1/21/2025,695.39
10,1/22/2025,608.66
10,1/23/2025,720.93
10,1/24/2025,803.14
10,1/25/2025,623.79
10,1/26/2025,662.98
10,1/27/2025,745.65
10,1/28/2025,725.77
10,1/29/2025,749.91
10,1/30/2025,687.74
10,1/31/2025,798.92
10,2/1/2025,736.12
10,2/2/2025,776.79
10,2/3/2025,757.05
10,2/4/2025,750.89
10,2/5/2025,780.06
10,2/6/2025,756.22
10,2/7/2025,676.21
10,2/8/2025,814.81
10,2/9/2025,801.02
10,2/10/2025,626.91
10,2/11/2025,716.56
10,2/12/2025,821.48
10,2/13/2025,649.21
10,2/14/2025,819.93
10,2/15/2025,755.77
10,2/16/2025,848.56
10,2/17/2025,768.27
10,2/18/2025,725.76
10,2/19/2025,791.16
10,2/20/2025,772.09
10,2/21/2025,725.46
10,2/22/2025,915.54
10,2/23/2025,718.74
10,2/24/2025,640.84
10,2/25/2025,881.67
10,2/26/2025,747.64
10,2/27/2025,767.17
10,2/28/2025,764.82
10,3/1/2025,752.91
10,3/2/2025,741.87
10,3/3/2025,728.59
10,3/4/2025,797.21
10,3/5/2025,768.88
10,3/6/2025,842.21
10,3/7/2025,827.74
10,3/8/2025,738.94
10,3/9/2025,806.26
10,3/10/2025,773.68
10,3/11/2025,737.92
10,3/12/2025,846.79
10,3/13/2025,795.71
10,3/14/2025,778.21
10,3/15/2025,750.21
10,3/16/2025,739.87
10,3/17/2025,935.36
10,3/18/2025,829.31
10,3/19/2025,737.85
10,3/20/2025,827.71
10,3/21/2025,878.48
10,3/22/2025,821.11
10,3/23/2025,899.88
10,3/24/2025,711.11
10,3/25/2025,682.35
10,3/26/2025,828.95
10,3/27/2025,830.32
10,3/28/2025,595.52
10,3/29/2025,772.3
10,3/30/2025,747.43
10,3/31/2025,722.62
10,4/1/2025,747.47
10,4/2/2025,852.05
10,4/3/2025,747.08
10,4/4/2025,749.26
10,4/5/2025,707.81
10,4/6/2025,895.47
10,4/7/2025,841
10,4/8/2025,650.49
10,4/9/2025,748.37
10,4/10/2025,846.17
10,4/11/2025,894.63
10,4/12/2025,865.56
10,4/13/2025,787.45
10,4/14/2025,684.82
10,4/15/2025,865.74
10,4/16/2025,789.54
10,4/17/2025,812.53
10,4/18/2025,795.89
10,4/19/2025,719.11
10,4/20/2025,829.23
10,4/21/2025,819.47
10,4/22/2025,776.59
10,4/23/2025,833.29
10,4/24/2025,713.86
10,4/25/2025,783.74
10,4/26/2025,801.56
10,4/27/2025,687.89
10,4/28/2025,793.93
10,4/29/2025,843.09
10,4/30/2025,775.79
10,5/1/2025,791.61
10,5/2/2025,828.07
10,5/3/2025,766.49
10,5/4/2025,770.78
10,5/5/2025,713.93
10,5/6/2025,785.66
10,5/7/2025,764.01
10,5/8/2025,814.73
10,5/9/2025,817.05
10,5/10/2025,829.52
10,5/11/2025,746.77
10,5/12/2025,641.43
10,5/13/2025,820.86
10,5/14/2025,799.72
10,5/15/2025,732
10,5/16/2025,803.45
10,5/17/2025,678.44
10,5/18/2025,828.48
10,5/19/2025,743.02
10,5/20/2025,710.87
10,5/21/2025,721.53
10,5/22/2025,743.17
10,5/23/2025,754.34
10,5/24/2025,755.81
10,5/25/2025,724.91
10,5/26/2025,760.48
10,5/27/2025,746.73
10,5/28/2025,705.42
10,5/29/2025,694.29
10,5/30/2025,775.3
10,5/31/2025,767.87
10,6/1/2025,737.93
10,6/2/2025,786.29
10,6/3/2025,615.23
10,6/4/2025,694.43
10,6/5/2025,657.74
10,6/6/2025,852.66
10,6/7/2025,760.83
10,6/8/2025,712.68
10,6/9/2025,759.53
10,6/10/2025,775.66
10,6/11/2025,772.22
10,6/12/2025,758.97
10,6/13/2025,689.42
10,6/14/2025,673.42
10,6/15/2025,645.1
10,6/16/2025,724.2
10,6/17/2025,684.7
10,6/18/2025,667.68
10,6/19/2025,662.18
10,6/20/2025,764.87
10,6/21/2025,734.65
10,6/22/2025,779.43
10,6/23/2025,705.77
10,6/24/2025,677.42
10,6/25/2025,670.21
10,6/26/2025,614.2
10,6/27/2025,598.8
10,6/28/2025,690.14
10,6/29/2025,611.04
10,6/30/2025,668.75
10,7/1/2025,713.27
10,7/2/2025,617.32
10,7/3/2025,753.65
10,7/4/2025,595.2
10,7/5/2025,694.62
10,7/6/2025,662.61
10,7/7/2025,698.99
10,7/8/2025,578.53
10,7/9/2025,749.2
10,7/10/2025,620.68
10,7/11/2025,660.85
10,7/12/2025,696.28
10,7/13/2025,591.33
10,7/14/2025,659.51
10,7/15/2025,577.89
10,7/16/2025,681.7
10,7/17/2025,573.33
10,7/18/2025,609.62
10,7/19/2025,619.87
10,7/20/2025,640.16
10,7/21/2025,694.14
10,7/22/2025,575.46
10,7/23/2025,648.57
10,7/24/2025,685.07
10,7/25/2025,597.01
10,7/26/2025,560.79
10,7/27/2025,503.21
10,7/28/2025,669.11
10,7/29/2025,567.66
10,7/30/2025,530.29
10,7/31/2025,511.62
10,8/1/2025,525.67
10,8/2/2025,610.97
10,8/3/2025,614.65
10,8/4/2025,593.74
10,8/5/2025,567.89
10,8/6/2025,503.85
10,8/7/2025,524.76
10,8/8/2025,505.89
10,8/9/2025,578.1
10,8/10/2025,503.72
10,8/11/2025,517.02
10,8/12/2025,538.18
10,8/13/2025,471.39
10,8/14/2025,543.99
10,8/15/2025,535.27
10,8/16/2025,588.82
10,8/17/2025,500.72
10,8/18/2025,478.41
10,8/19/2025,516.04
10,8/20/2025,483.5
10,8/21/2025,529.86
10,8/22/2025,448.06
10,8/23/2025,499.19
10,8/24/2025,484.01
10,8/25/2025,544.8
10,8/26/2025,485.77
10,8/27/2025,445.9
10,8/28/2025,507.88
10,8/29/2025,527.83
10,8/30/2025,502.01
10,8/31/2025,486.65
10,9/1/2025,482.82
10,9/2/2025,513.44
10,9/3/2025,471.38
10,9/4/2025,492.88
10,9/5/2025,535.23
10,9/6/2025,451.26
10,9/7/2025,500.76
10,9/8/2025,429.62
10,9/9/2025,509.41
10,9/10/2025,460.15
10,9/11/2025,538.88
10,9/12/2025,438.53
10,9/13/2025,513.93
10,9/14/2025,543.91
10,9/15/2025,453.9
10,9/16/2025,459.86
10,9/17/2025,455.94
10,9/18/2025,473.37
10,9/19/2025,512.24
10,9/20/2025,468.98
10,9/21/2025,446.74
10,9/22/2025,411.08
10,9/23/2025,552.59
10,9/24/2025,555.22
10,9/25/2025,510.99
10,9/26/2025,457.08
10,9/27/2025,517.74
10,9/28/2025,525.37
10,9/29/2025,478.23
10,9/30/2025,489.66
10,10/1/2025,536.07
10,10/2/2025,423.93
10,10/3/2025,526.99
10,10/4/2025,476.02
10,10/5/2025,444.77
10,10/6/2025,448.15
10,10/7/2025,454.83
10,10/8/2025,441.58
10,10/9/2025,558.57
10,10/10/2025,508.85
10,10/11/2025,531.76
10,10/12/2025,512.57
10,10/13/2025,493.42
10,10/14/2025,494.52
10,10/15/2025,476.53
10,10/16/2025,480.39
10,10/17/2025,437.95
10,10/18/2025,537.07
10,10/19/2025,423.28
10,10/20/2025,453.93
10,10/21/2025,576.79
10,10/22/2025,503.18
10,10/23/2025,505.83
10,10/24/2025,525.24
10,10/25/2025,439.11
10,10/26/2025,445.97
10,10/27/2025,485.19
10,10/28/2025,467.85
10,10/29/2025,502.51
10,10/30/2025,526.52
10,10/31/2025,564.63
10,11/1/2025,542.59
10,11/2/2025,470.31
10,11/3/2025,497.03
10,11/4/2025,487.3
10,11/5/2025,473.52
10,11/6/2025,465.55
10,11/7/2025,587.68
10,11/8/2025,520.73
10,11/9/2025,512.61
10,11/10/2025,544
10,11/11/2025,547.92
10,11/12/2025,574.48
10,11/13/2025,497.65
10,11/14/2025,548.12
10,11/15/2025,494.08
10,11/16/2025,526.74
10,11/17/2025,539.3
10,11/18/2025,545.54
10,11/19/2025,545.7
10,11/20/2025,577.84
10,11/21/2025,519.09
10,11/22/2025,555.23
10,11/23/2025,516.09
10,11/24/2025,680.56
10,11/25/2025,513.44
10,11/26/2025,524.99
10,11/27/2025,597.89
10,11/28/2025,541.51
10,11/29/2025,602.9
10,11/30/2025,572.42
10,12/1/2025,549.57
10,12/2/2025,535.97
10,12/3/2025,536.62
10,12/4/2025,557.18
10,12/5/2025,569.66
10,12/6/2025,541.62
10,12/7/2025,577.68
10,12/8/2025,534.09
10,12/9/2025,623.45
10,12/10/2025,635.25
10,12/11/2025,559.68
10,12/12/2025,559.5
10,12/13/2025,606.89
10,12/14/2025,661.88
10,12/15/2025,675.51
10,12/16/2025,538.35
10,12/17/2025,658.13
10,12/18/2025,608.8
10,12/19/2025,612.46
10,12/20/2025,642.19
10,12/21/2025,596.16
10,12/22/2025,677.41
10,12/23/2025,696.79
10,12/24/2025,701.75
10,12/25/2025,537.99
10,12/26/2025,622.22
10,12/27/2025,538.08
10,12/28/2025,600.29
10,12/29/2025,519.05
10,12/30/2025,668.27
10,12/31/2025,659.2
